,Unnamed: 0,Sno,Zone,State,City,Name,Type,Establishment Year,time needed to visit in hrs,Google review rating,Entrance Fee in INR,Airport with 50km Radius,Weekly Off,Significance,DSLR Allowed,Number of google review in lakhs,Best Time to visit,State Description,longitude,latitude,loc_clusters,img
0,0,0,Northern,Delhi,Delhi,India Gate,War Memorial,1921,0.5,4.6,0,Yes,,Historical,Yes,2.6,Evening,The capital city with a mix of ancient and modern attractions.,77.1716954,28.6273928,3.0,https://encrypted-tbn0.gstatic.com/images?q=tbn:ANd9GcSfX-3ako7xK6ko-2vzcJLvRAdy3Ppy2t3Mbz9qHHtcZ55oxuYVji_81GKfDg&s
1,1,1,Northern,Delhi,Delhi,Humayun's Tomb,Tomb,1572,2.0,4.5,30,Yes,,Historical,Yes,0.4,Afternoon,The capital city with a mix of ancient and modern attractions.,77.1716954,28.6273928,3.0,https://encrypted-tbn0.gstatic.com/images?q=tbn:ANd9GcQwPYB4fMXSdtAPAGsXaZ0OkoydcthwbsKJmhwLI4mVZ3AV_dd1WEhrTPClmTg&s
2,2,2,Northern,Delhi,Delhi,Akshardham Temple,Temple,2005,5.0,4.6,60,Yes,,Religious,No,0.4,Afternoon,The capital city with a mix of ancient and modern attractions.,77.1716954,28.6273928,3.0,https://encrypted-tbn0.gstatic.com/images?q=tbn:ANd9GcRUZhHwFK5Ivvn6u8w75BbnhANhOe7d2FDSmW_ELX2kVL0duJCtRRfFRhtkCSc&s
3,3,3,Northern,Delhi,Delhi,Waste to Wonder Park,Theme Park,2019,2.0,4.1,50,Yes,Monday,Environmental,Yes,0.27,Evening,The capital city with a mix of ancient and modern attractions.,77.1716954,28.6273928,3.0,https://encrypted-tbn0.gstatic.com/images?q=tbn:ANd9GcQCkqAslpKesAZ_-uL09LXCxlH0-7EqmxfsWey3jKLFJV7pOz0huA20b6-mTQ&s
4,4,4,Northern,Delhi,Delhi,Jantar Mantar,Observatory,1724,2.0,4.2,15,Yes,,Scientific,Yes,0.31,Morning,The capital city with a mix of ancient and modern attractions.,77.1716954,28.6273928,3.0,https://encrypted-tbn0.gstatic.com/images?q=tbn:ANd9GcR1oO7Js5pbwD59h1plTCXENvmP6zJ6TBSaDd5aJ5y4goh5egfnq36FnQ16IOk&s
5,5,5,Northern,Delhi,Delhi,Chandni Chowk,Market,1700,3.0,4.2,0,Yes,Sunday,Market,Yes,0.25,Afternoon,The capital city with a mix of ancient and modern attractions.,77.1716954,28.6273928,3.0,https://encrypted-tbn0.gstatic.com/images?q=tbn:ANd9GcRM5A6711VZOU-UBEoNkWjJrGzKocz3UYh6JkcdN3tN517L-AjOdznvib2k76c&s
6,6,6,Northern,Delhi,Delhi,Lotus Temple,Temple,1986,1.0,4.5,0,Yes,Monday,Religious,Yes,0.59,Evening,The capital city with a mix of ancient and modern attractions.,77.1716954,28.6273928,3.0,https://encrypted-tbn0.gstatic.com/images?q=tbn:ANd9GcS4O2-qAEK-gP5tNLeIpu1dEIDccr5rK6LZg2BEvUiA-ovpusNN-qxqgN2FsA&s
7,7,7,Northern,Delhi,Delhi,Red Fort,Fort,1648,2.0,4.5,35,Yes,,Historical,Yes,1.5,Afternoon,The capital city with a mix of ancient and modern attractions.,77.1716954,28.6273928,3.0,https://encrypted-tbn0.gstatic.com/images?q=tbn:ANd9GcTCpATL3xII3bZUwoTOv6svyRzqS1wYzNy9U0JQ3NnOyviQGvJqXhVMH7_5LA&s
8,8,8,Northern,Delhi,Delhi,Agrasen ki Baoli,Stepwell,1400,1.0,4.2,0,Yes,,Historical,Yes,0.41,Afternoon,The capital city with a mix of ancient and modern attractions.,77.1716954,28.6273928,3.0,https://encrypted-tbn0.gstatic.com/images?q=tbn:ANd9GcSHYfBuS1FINiql0ClbZZ9CZQhoJ4hUSTbes5ONvNpkLsxywymJ-5i_bCC6Hg&s
9,9,9,Northern,Delhi,Delhi,Sunder Nursery,Park,1600,2.0,4.6,0,Yes,,Botanical,Yes,0.16,Afternoon,The capital city with a mix of ancient and modern attractions.,77.1716954,28.6273928,3.0,https://encrypted-tbn0.gstatic.com/images?q=tbn:ANd9GcTEmZxePASiZKxdFUwpfGybLuqFdvd3SMecUdM3GqVhuOyt084_R45rTahM2g&s
10,10,10,Northern,Delhi,Delhi,Garden of Five Senses,Park,2003,2.0,4.1,35,Yes,,Botanical,Yes,0.23,Morning,The capital city with a mix of ancient and modern attractions.,77.1716954,28.6273928,3.0,https://encrypted-tbn0.gstatic.com/images?q=tbn:ANd9GcTBaoVGOagSzZbXuiY9PCjhDzuBLfc8jLNLYr89bRCY3NtGhYmqN2SrZelL8hQ&s
11,11,11,Northern,Delhi,Delhi,Lodhi Garden,Park,1500,1.0,4.5,0,Yes,,Botanical,Yes,0.48,All,The capital city with a mix of ancient and modern attractions.,77.1716954,28.6273928,3.0,https://encrypted-tbn0.gstatic.com/images?q=tbn:ANd9GcSWsT9AXsnCx2TfoIZiE2TrchibBQCYhW7BIIO1pBCzNBdlcdB-PBh9iE5Zig&s
12,12,12,Northern,Delhi,Delhi,National Gallery of Modern Art,Museum,1954,3.0,4.5,20,Yes,Monday,Artistic,Yes,0.08,All,The capital city with a mix of ancient and modern attractions.,77.1716954,28.6273928,3.0,https://encrypted-tbn0.gstatic.com/images?q=tbn:ANd9GcTE6_a4o5dTdBqqyphB_LsXGhg1lEcAE8UTcSb2hjhdaJN2UodsfpdwoPsEJA&s
13,13,13,Northern,Delhi,Delhi,National Zoological Park ,Zoo,1959,3.0,4.1,80,Yes,Friday,Environmental,Yes,0.41,All,The capital city with a mix of ancient and modern attractions.,77.1716954,28.6273928,3.0,https://encrypted-tbn0.gstatic.com/images?q=tbn:ANd9GcQd-iSQGtZLVIk1lj51s4kYF2RqVg1UiBsttRb07l9hey5KTlpDMKuLL8SHWuk&s
14,14,14,Northern,Delhi,Delhi,Qutub Minar,Monument,1192,1.0,4.5,35,Yes,,Historical,Yes,1.37,Afternoon,The capital city with a mix of ancient and modern attractions.,77.1716954,28.6273928,3.0,https://encrypted-tbn0.gstatic.com/images?q=tbn:ANd9GcS6I_FJAV4ROcuF9GCiGS3KY3FhOhfVxNg5hOkpeIKtMJVO-ZvLVw0JY2SpxIg&s
15,15,15,Northern,Delhi,Delhi,National Science Centre,Science,1992,5.0,4.4,70,Yes,,Scientific,Yes,0.23,All,The capital city with a mix of ancient and modern attractions.,77.1716954,28.6273928,3.0,https://encrypted-tbn0.gstatic.com/images?q=tbn:ANd9GcQw7sMSwJRNYmHbx-4bFb7dllst-g8bdd6kfBPcfX22whp4SPEWPQ5gE8fK7gw&s
16,16,16,Western,Maharashtra,Mumbai,Marine Drive,Promenade,Unknown,2.0,4.5,0,Yes,,Scenic,Yes,1.5,Evening,"Home to Mumbai, the financial capital, and historical sites.",72.88662754,19.08157715,12.0,https://encrypted-tbn0.gstatic.com/images?q=tbn:ANd9GcSO1ZxeNb_4Ggy_Wxmgtxl3pO-9mI4Ue221cpCfbSQa5IWMmrmrwBG8-0aXOJM&s
17,17,17,Western,Maharashtra,Mumbai,Gateway of India,Monument,1924,1.0,4.6,0,Yes,,Historical,Yes,3.6,All,"Home to Mumbai, the financial capital, and historical sites.",72.88662754,19.08157715,12.0,https://encrypted-tbn0.gstatic.com/images?q=tbn:ANd9GcSNedGm6Xe_X1_zbyZ2cJDJyOPwm2JKxm736g85dQYFWVFxz1I_VeNA_uxCjMQ&s
18,18,18,Western,Maharashtra,Mumbai,Chhatrapati Shivaji Maharaj Vastu Sangrahalaya,Museum,1922,1.0,4.6,500,Yes,,Historical,Yes,0.34,All,"Home to Mumbai, the financial capital, and historical sites.",72.88662754,19.08157715,12.0,https://encrypted-tbn0.gstatic.com/images?q=tbn:ANd9GcQz8i0igxeCTnBFwKTJAByUgJeASBz-cMTZtIi1cEzXJTxK3wP6j4lt6B7p0w&s
19,19,19,Western,Maharashtra,Mumbai,Sanjay Gandhi National Park,National Park,1996,3.0,4.3,50,Yes,Monday,Wildlife,Yes,0.6,All,"Home to Mumbai, the financial capital, and historical sites.",72.88662754,19.08157715,12.0,https://encrypted-tbn0.gstatic.com/images?q=tbn:ANd9GcSDDl6F2tSKNla5_3bmLVof3yKyHv3DiqV1XaVU3-e4iaaV8lY0NJUy9Dn8Y8Y&s
20,20,20,Western,Maharashtra,Mumbai,Siddhivinayak Temple,Temple,1881,2.0,4.8,0,Yes,,Religious,No,1.05,All,"Home to Mumbai, the financial capital, and historical sites.",72.88662754,19.08157715,12.0,https://encrypted-tbn0.gstatic.com/images?q=tbn:ANd9GcTGOKXyBcVLBP7z-99PctxOeizmLadAKYcYoXgpNVX2nMy4E2-q_oudu2utMWA&s
21,21,21,Western,Maharashtra,Mumbai,Mahalaxmi Temple,Temple,1831,1.0,4.7,0,Yes,,Religious,No,0.33,All,"Home to Mumbai, the financial capital, and historical sites.",72.88662754,19.08157715,12.0,https://encrypted-tbn0.gstatic.com/images?q=tbn:ANd9GcSFyNMpDpCl5DwCg66n47IH0Ixjf1tqUvrCW1j-3Q-6nQJxVRjAmvrOClYT7w&s
22,22,22,Western,Maharashtra,Mumbai,Haji Ali Dargah,Religious Shrine,1431,2.0,4.4,0,Yes,,Religious,No,0.16,All,"Home to Mumbai, the financial capital, and historical sites.",72.88662754,19.08157715,12.0,https://encrypted-tbn0.gstatic.com/images?q=tbn:ANd9GcTRX9ovj6-KoZAfxVS-2VW9nbzB5xbF4ax4TgyVtMPHR-I0PNukVst90jzljw&s
23,23,23,Western,Maharashtra,Mumbai,Chowpatty Beach,Beach,Unknown,2.0,4.3,0,Yes,,Recreational,Yes,0.05,Evening,"Home to Mumbai, the financial capital, and historical sites.",72.88662754,19.08157715,12.0,https://encrypted-tbn0.gstatic.com/images?q=tbn:ANd9GcSpOhZf-NrLva3bzd7St4PYcYNs2lwztCxs7UY5ep-5hAOweDP_7misyxQ163I&s
24,24,24,Western,Maharashtra,Mumbai,Essel World,Amusement Park,1986,5.0,4.3,1149,Yes,,Recreational,Yes,0.27,All,"Home to Mumbai, the financial capital, and historical sites.",72.88662754,19.08157715,12.0,https://encrypted-tbn0.gstatic.com/images?q=tbn:ANd9GcQFemKIvLPA5HHiNcl-d_7gkWeB27cosFgJybyYqjHiDRzZJjHw2R9T3mQQeLQ&s
25,25,25,Western,Maharashtra,Mumbai,Elephanta Caves,Monument,1987,4.0,4.3,550,Yes,,Historical,Yes,0.35,All ,"Home to Mumbai, the financial capital, and historical sites.",72.88662754,19.08157715,12.0,https://encrypted-tbn0.gstatic.com/images?q=tbn:ANd9GcQ565v3cGQZvpZEBvaIXGz_qswf_9OAzSVyj-dkBF_a2shqooGnvmHDpKv6hA&s
26,26,26,Western,Maharashtra,Lonavala,Imagicaa,Amusement Park,2013,5.0,1.4,1149,No,Monday,Recreational,Yes,0.95,All,"Home to Mumbai, the financial capital, and historical sites.",73.4016729,18.7548563,12.0,https://encrypted-tbn0.gstatic.com/images?q=tbn:ANd9GcR99QXy7jSm89I5vgDlp04GHgPnHjk7RmtgP5sk-xdBJrMSdTBVv_oLFs_XdQ&s
27,27,27,Southern,Karnataka,Bangalore,Bangalore Palace,Palace,1878,2.0,4.2,500,Yes,Monday,Historical,Yes,0.9,Morning,"Known for its IT hub Bengaluru, heritage sites, and coffee plantations.",77.62260004,12.98815675,18.0,https://encrypted-tbn0.gstatic.com/images?q=tbn:ANd9GcRxGHq0wgsy9S6RgB2-_5Zo6ZPQBd4n4N1nRDO4HROjHpdKMpltnDCPj7N87eI&s
28,28,28,Southern,Karnataka,Bangalore,Lalbagh Botanical Garden,Botanical Garden,1760,1.5,4.4,20,Yes,,Nature,Yes,1.5,Evening,"Known for its IT hub Bengaluru, heritage sites, and coffee plantations.",77.62260004,12.98815675,18.0,https://encrypted-tbn0.gstatic.com/images?q=tbn:ANd9GcSVrcoNADkd2gSvvDe8GOj_V_x8IRVJtKPNygnDo8xxJ95xQH6CZmvq4Gb304Y&s
29,29,29,Southern,Karnataka,Bangalore,Cubbon Park,Park,1870,1.0,4.4,0,Yes,,Nature,Yes,1.32,Morning,"Known for its IT hub Bengaluru, heritage sites, and coffee plantations.",77.62260004,12.98815675,18.0,https://encrypted-tbn0.gstatic.com/images?q=tbn:ANd9GcTdJJ1_CqyOGL3z7mbnmIico7GLms0WfU82PSRB0k6PAmfQHPXpGX9HsM8hSg&s
30,30,30,Southern,Karnataka,Bangalore,Vidhana Soudha,Government Building,1956,0.5,4.6,0,Yes,,Architectural,No,0.8,Morning,"Known for its IT hub Bengaluru, heritage sites, and coffee plantations.",77.62260004,12.98815675,18.0,https://encrypted-tbn0.gstatic.com/images?q=tbn:ANd9GcSFVLI1wq_dVE0z-de4AcjfTtdziWmdE-s7B7X91NVL_1V8NAuST7te0gy8aHk&s
31,31,31,Southern,Karnataka,Bangalore,ISKCON Temple Bangalore,Temple,1997,1.0,4.6,0,Yes,,Religious,Yes,1.14,Evening,"Known for its IT hub Bengaluru, heritage sites, and coffee plantations.",77.62260004,12.98815675,18.0,https://encrypted-tbn0.gstatic.com/images?q=tbn:ANd9GcR87L7qv59JhnP83iw1RjYhppqzJwXTDqpWad_-SLbWYaoxJeSLIVx1lz2-bQc&s
32,32,32,Southern,Telangana,Hyderabad,Charminar,Landmark,1591,1.0,4.5,25,Yes,Friday,Historical,Yes,2.1,Morning,Home to historic Hyderabad and the Charminar.,78.4740613,17.360589,0.0,https://encrypted-tbn0.gstatic.com/images?q=tbn:ANd9GcRr3IdZXhob7wdvt13rnC4K32kVjWgAs2vwssMwA_Bd36fqjx6lu3yIJm0xTQ&s
33,33,33,Southern,Telangana,Hyderabad,Golconda Fort,Fort,1600,2.0,4.4,30,Yes,,Historical,Yes,1.2,Morning,Home to historic Hyderabad and the Charminar.,78.4740613,17.360589,0.0,https://encrypted-tbn0.gstatic.com/images?q=tbn:ANd9GcS8llOQZOypJLNtdBMI1XCzRr5a1es8PeiGL2xwqXc5wYz9MdUWxYG2XDDmb4s&s
34,34,34,Southern,Telangana,Hyderabad,Hussain Sagar Lake,Lake,1563,1.0,4.3,0,Yes,,Scenic,Yes,0.5,Evening,Home to historic Hyderabad and the Charminar.,78.4740613,17.360589,0.0,https://encrypted-tbn0.gstatic.com/images?q=tbn:ANd9GcSD85BRQo4pIKtmsN3tLAeqEqvR81PnSbcpW78JwYyCRccpxcDIHjqdPApkwg&s
35,35,35,Southern,Telangana,Hyderabad,Ramoji Film City,Film Studio,1996,4.0,4.4,1150,Yes,,Entertainment,Yes,0.45,All,Home to historic Hyderabad and the Charminar.,78.4740613,17.360589,0.0,https://encrypted-tbn0.gstatic.com/images?q=tbn:ANd9GcRfaxLsOudD59UJZdJKXY4KW3DymrMz37LuZXcFrJRYJ0TvQY_zAv0zAG2GPBw&s
36,36,36,Southern,Telangana,Hyderabad,Salar Jung Museum,Museum,1951,2.0,4.4,20,Yes,,Historical,Yes,0.67,All,Home to historic Hyderabad and the Charminar.,78.4740613,17.360589,0.0,https://encrypted-tbn0.gstatic.com/images?q=tbn:ANd9GcQUZYo47axQfhFsel1y_DcPFzD0vzc8GWKwyXem_T9Qo6zAOotZGOazRlSPxiA&s
37,37,37,Southern,Telangana,Hyderabad,Qutb Shahi Tombs,Tombs,1600,1.0,4.4,25,Yes,,Historical,Yes,0.2,Morning,Home to historic Hyderabad and the Charminar.,78.4740613,17.360589,0.0,https://encrypted-tbn0.gstatic.com/images?q=tbn:ANd9GcTDwdOYAzXOhxELlDc-rWmdHZvvX_bYD8rMlaTWWpgFGb7LtORaq-ooOyZ7og&s
38,38,38,Southern,Telangana,Hyderabad,Birla Mandir,Temple,1976,1.0,4.7,0,Yes,,Religious,No,0.41,All,Home to historic Hyderabad and the Charminar.,78.4740613,17.360589,0.0,https://encrypted-tbn0.gstatic.com/images?q=tbn:ANd9GcRtlvyk6K_434_-qfU0QBYz-Zq6N1ucpSSqTZebvyV708o2vq_3xJUV_YZxuL8&s
39,39,39,Southern,Telangana,Hyderabad,Chowmahalla Palace,Palace,1800,1.5,4.4,80,Yes,,Historical,Yes,0.45,Morning,Home to historic Hyderabad and the Charminar.,78.4740613,17.360589,0.0,https://encrypted-tbn0.gstatic.com/images?q=tbn:ANd9GcSNof6sWq5-vXDATBszVspAvoeLJmwESV8o1RknwfJkKJ4hamjiBNqbvMMvQA&s
40,40,40,Southern,Telangana,Hyderabad,Nehru Zoological Park,Zoo,1963,3.0,4.2,50,Yes,,Wildlife,Yes,0.86,Morning,Home to historic Hyderabad and the Charminar.,78.4740613,17.360589,0.0,https://encrypted-tbn0.gstatic.com/images?q=tbn:ANd9GcQSq5Lw-nZkhNDfFn6j7gnvD7_urGERNHKpNIn5TXWqrV8_F_7zpyEA8mRwCg&s
41,41,41,Southern,Telangana,Hyderabad,Lumbini Park,Park,1994,1.0,4.1,20,Yes,,Recreational,Yes,0.73,Evening,Home to historic Hyderabad and the Charminar.,78.4740613,17.360589,0.0,https://encrypted-tbn0.gstatic.com/images?q=tbn:ANd9GcRQoKyeLBugb1PM7ZHOn3JwEWybBwGQ0_NfUsvz8JhNj8-l72IAZO1Xr-vSvA&s
42,42,42,Eastern,West Bengal,Kolkata,Victoria Memorial,Museum,1921,1.5,4.6,30,Yes,Monday,Historical,Yes,0.73,Morning,"Famous for Kolkata, the Sundarbans, and cultural festivals.",88.3638953,22.5726459,15.0,https://encrypted-tbn0.gstatic.com/images?q=tbn:ANd9GcRNIwAahHFS4Hjtit-YUg5G2-fB03kqvUvDw5_lbjgqulQE2yQjU3sU51tkCA&s
43,43,43,Eastern,West Bengal,Kolkata,Howrah Bridge,Bridge,1943,0.5,4.6,0,Yes,,Architectural,No,1.2,Anytime,"Famous for Kolkata, the Sundarbans, and cultural festivals.",88.3638953,22.5726459,15.0,https://encrypted-tbn0.gstatic.com/images?q=tbn:ANd9GcTCXKu1aON_K3ClHKJ3YBkHgFvCj69idYXcGIT4-EE7pIm1XHbGI6GDJVkg5p0&s
44,44,44,Eastern,West Bengal,Kolkata,Indian Museum,Museum,1814,2.0,4.6,50,Yes,Monday,Historical,Yes,0.18,Morning,"Famous for Kolkata, the Sundarbans, and cultural festivals.",88.3638953,22.5726459,15.0,https://encrypted-tbn0.gstatic.com/images?q=tbn:ANd9GcTlFycaLSPlTjDGxo97uJ9YkSPoJszrvVZgYkxcywd6fyan1ikf_yFzLGpKRQ&s
45,45,45,Eastern,West Bengal,Kolkata,Dakshineswar Kali Temple,Temple,1855,1.0,4.7,0,Yes,,Religious,Yes,0.82,Morning,"Famous for Kolkata, the Sundarbans, and cultural festivals.",88.3638953,22.5726459,15.0,https://encrypted-tbn0.gstatic.com/images?q=tbn:ANd9GcTT5asrhnERznhl-vMOo6uWwoaFdQZwMZNrb6Hj6gjZTgTxFpzex1P1WfAC11E&s
46,46,46,Eastern,West Bengal,Kolkata,Kalighat Kali Temple,Temple,1809,1.0,4.4,0,Yes,,Religious,Yes,0.5,Morning,"Famous for Kolkata, the Sundarbans, and cultural festivals.",88.3638953,22.5726459,15.0,https://encrypted-tbn0.gstatic.com/images?q=tbn:ANd9GcTgESUMfAkztkoklDM_GnYauRK4rYoKwk8NZIgml1RDUhxbb0KIUlVIun1HO1U&s
47,47,47,Eastern,West Bengal,Kolkata,Eden Gardens,Cricket Ground,1864,3.0,4.1,2500,Yes,,Sports,Yes,0.1,All,"Famous for Kolkata, the Sundarbans, and cultural festivals.",88.3638953,22.5726459,15.0,https://encrypted-tbn0.gstatic.com/images?q=tbn:ANd9GcSUX3ZeEDmACWB-HsddbVtEVaPGIwurDBKx-Z4P-1-geYCbUZXph8LqVIGgCM0&s
48,48,48,Eastern,West Bengal,Kolkata,Alipore Zoological Gardens,Zoo,1876,2.0,4.3,25,Yes,,Wildlife,Yes,0.66,Afternoon,"Famous for Kolkata, the Sundarbans, and cultural festivals.",88.3638953,22.5726459,15.0,https://encrypted-tbn0.gstatic.com/images?q=tbn:ANd9GcSqs8m2HfOZJ5MyNVulv0VESHo5aMXUcQloarKcAyVaEgUTOZEJDd47hCJG7tE&s
49,49,49,Eastern,West Bengal,Kolkata,Science City Kolkata,Science,1997,3.0,4.4,60,Yes,,Educational,Yes,0.88,All,"Famous for Kolkata, the Sundarbans, and cultural festivals.",88.3638953,22.5726459,15.0,https://encrypted-tbn0.gstatic.com/images?q=tbn:ANd9GcRbOvhG1Ui3veU87IU8kP892m_Lc8qpgzB_gzC7r44Wtq34X316-FE3LA2O4Fc&s
50,50,50,Eastern,West Bengal,Kolkata,Belur Math,Site,1898,1.5,4.7,0,Yes,,Religious,Yes,0.47,Morning,"Famous for Kolkata, the Sundarbans, and cultural festivals.",88.3638953,22.5726459,15.0,https://encrypted-tbn0.gstatic.com/images?q=tbn:ANd9GcTkeBubCfZWKPrDXABppjUKSUOoLhoR2zrEU6s63CfwiA1MctSuaSAXELALOA&s
51,51,51,Eastern,West Bengal,Kolkata,Marble Palace,Palace,1835,1.0,4.4,0,Yes,,Historical,Yes,0.1,Afternoon,"Famous for Kolkata, the Sundarbans, and cultural festivals.",88.3638953,22.5726459,15.0,https://encrypted-tbn0.gstatic.com/images?q=tbn:ANd9GcTD-FdN7A9yksKo8mqYrH36ArgSqVNVlWvYTB1dzCvcxGpLIpLU6wFJUU1NrQ&s
52,52,52,Southern,Goa,Goa,Calangute Beach,Beach,Unknown,2.0,4.4,0,Yes,,Scenic,Yes,0.26,Evening,"Renowned for its beaches, Portuguese architecture, and nightlife.",74.0855134,15.3004543,8.0,https://encrypted-tbn0.gstatic.com/images?q=tbn:ANd9GcTC2ItyGU9lfmmGLZZZVWcuDk5MG_eohDQKolJudyQcDvSX-YvbOXj4IbPM1w&s
53,53,53,Southern,Goa,Goa,Basilica of Bom Jesus,Church,1605,1.0,4.5,0,Yes,,Historical,Yes,0.59,Afternoon,"Renowned for its beaches, Portuguese architecture, and nightlife.",74.0855134,15.3004543,8.0,https://encrypted-tbn0.gstatic.com/images?q=tbn:ANd9GcQEcECG2wC6NYGwpSr7zNNYeT_4QNoz82exg24tjYG1SGFIDhi9l4wuEyc3AQ&s
54,54,54,Southern,Goa,Goa,Fort Aguada,Fort,1612,1.5,4.2,0,Yes,,Historical,Yes,0.95,Morning,"Renowned for its beaches, Portuguese architecture, and nightlife.",74.0855134,15.3004543,8.0,https://encrypted-tbn0.gstatic.com/images?q=tbn:ANd9GcQQYMX1ALZZzR1AgwryupXXzFyLAhIRQcLqI0xHnZUX1zNMefnpLZNLkpu7jgM&s
55,55,55,Southern,Goa,Goa,Dudhsagar Falls,Waterfall,Unknown,3.0,4.6,500,Yes,,Nature,Yes,0.3,Afternoon,"Renowned for its beaches, Portuguese architecture, and nightlife.",74.0855134,15.3004543,8.0,https://encrypted-tbn0.gstatic.com/images?q=tbn:ANd9GcT-XWjNrG84fzymR_nBtEs11DFbja0kj50oN97Bwdb4T7KAmrsrwseeAiExPV8&s
56,56,56,Southern,Goa,Goa,Anjuna Beach,Beach,Unknown,2.0,4.4,0,Yes,,Scenic,Yes,0.18,Evening,"Renowned for its beaches, Portuguese architecture, and nightlife.",74.0855134,15.3004543,8.0,https://encrypted-tbn0.gstatic.com/images?q=tbn:ANd9GcSFAVzDCnGF3a3o-FVOz_LTQ8XkVndRSTDuS1K7egqzfzU9qTpdcQYRMl9lltY&s
57,57,57,Southern,Goa,Goa,Chapora Fort,Fort,1617,1.0,4.2,0,Yes,,Historical,Yes,0.19,Evening,"Renowned for its beaches, Portuguese architecture, and nightlife.",74.0855134,15.3004543,8.0,https://encrypted-tbn0.gstatic.com/images?q=tbn:ANd9GcSpULDNY7YCRf5Bl_d1Hpp7LwR5JEarGlYIZKTz1_PMWFanaJi_gsBgousngQ&s
58,58,58,Southern,Goa,Goa,Se Cathedral,Church,1640,1.0,4.5,0,Yes,,Historical,Yes,0.05,Afternoon,"Renowned for its beaches, Portuguese architecture, and nightlife.",74.0855134,15.3004543,8.0,https://encrypted-tbn0.gstatic.com/images?q=tbn:ANd9GcTJSHm1vRsVygO_0s95InF-N5mbP75MaP0gtfxn4aPsXKY1XlRnI7O9DDmi76I&s
59,59,59,Southern,Goa,Goa,Baga Beach,Beach,Unknown,2.0,4.5,0,Yes,,Scenic,Yes,0.35,Evening,"Renowned for its beaches, Portuguese architecture, and nightlife.",74.0855134,15.3004543,8.0,https://encrypted-tbn0.gstatic.com/images?q=tbn:ANd9GcRU3VDalPxdWX2vpJsYF5DVK93Gq18G_V-oKKg8zYmkjPox2MBhMEnnTIEQKA&s
60,60,60,Southern,Goa,Goa,Arambol Beach,Beach,Unknown,2.0,4.6,0,Yes,,Scenic,Yes,0.1,Evening,"Renowned for its beaches, Portuguese architecture, and nightlife.",74.0855134,15.3004543,8.0,https://encrypted-tbn0.gstatic.com/images?q=tbn:ANd9GcQEgzgmfUjmo6Cbks3rh2vMfgD9f4z2oo-MfjSz_czxGSFzW_rUhuCldUOD74w&s
61,61,61,Southern,Goa,Goa,Palolem Beach,Beach,Unknown,2.0,4.6,0,Yes,,Scenic,Yes,0.27,Evening,"Renowned for its beaches, Portuguese architecture, and nightlife.",74.0855134,15.3004543,8.0,https://encrypted-tbn0.gstatic.com/images?q=tbn:ANd9GcTdiq-1qP9fFZJ8d5mAGZzmyBWHJ69M73l70EpT5FQGleBFiZBQ9bugfq9LsjU&s
62,62,62,Southern,Goa,Goa,Colva Beach,Beach,Unknown,2.0,4.3,0,Yes,,Scenic,Yes,0.1,Evening,"Renowned for its beaches, Portuguese architecture, and nightlife.",74.0855134,15.3004543,8.0,https://encrypted-tbn0.gstatic.com/images?q=tbn:ANd9GcRgKXynjN3lnnAqotAP3HVnj7Eg2pUZtOmw3s-tt9b9FEO_qnAG9wuFh2Etlw&s
63,63,63,Southern,Goa,Goa,Miramar Beach,Beach,Unknown,1.5,4.2,0,Yes,,Scenic,Yes,0.3,Evening,"Renowned for its beaches, Portuguese architecture, and nightlife.",74.0855134,15.3004543,8.0,https://encrypted-tbn0.gstatic.com/images?q=tbn:ANd9GcQVm8ip23m10P0wBcF9bBIa2y40SCOwIQjA1XW7EKSZQ4C_qVEwpcYtkSgSdQ&s
64,64,64,Southern,Goa,Goa,Aguada Beach,Beach,Unknown,2.0,4.5,0,Yes,,Scenic,Yes,0.01,Evening,"Renowned for its beaches, Portuguese architecture, and nightlife.",74.0855134,15.3004543,8.0,https://encrypted-tbn0.gstatic.com/images?q=tbn:ANd9GcRiSLRCEgn8_Th2ehnxp_h-3WU5moDwgizBf7_CfcA3bG0kRi0QulbE96mnrvo&s
65,65,65,Southern,Goa,Goa,Dr. Salim Ali Bird Santuary,Bird Sanctuary,1988,2.0,3.9,10,Yes,,Wildlife,Yes,0.03,Afternoon,"Renowned for its beaches, Portuguese architecture, and nightlife.",74.0855134,15.3004543,8.0,https://encrypted-tbn0.gstatic.com/images?q=tbn:ANd9GcTvdjnhlX5NZsdzAjKtNhfqfkOXbBJnhhpUBfU_S-bFQuqmrAnTGRB8DiiDqA&s
66,66,66,Western,Gujarat,Ahmedabad,Sabarmati Ashram,Historical,1915,1.5,4.6,0,Yes,,Historical,Yes,0.35,Morning,"Home to the Gir National Park, temples, and the Rann of Kutch.",72.5800568,23.0215374,4.0,https://encrypted-tbn0.gstatic.com/images?q=tbn:ANd9GcQBTCt02cTj5oCXZdAD0CG9rRtJiEuLup9mN2kzedH9lUlUovwy9rZwKCiRJq0&s
67,67,67,Western,Gujarat,Dwarka,Dwarkadhish Temple,Temple,-400,2.0,4.7,0,No,,Religious,No,0.59,Evening,"Home to the Gir National Park, temples, and the Rann of Kutch.",68.9742446,22.2471009,15.0,https://encrypted-tbn0.gstatic.com/images?q=tbn:ANd9GcQupaUuC8G8PrTN6TofhlUO4FAjRHgVwuB3sjNUW4fYJ0aZYf7k4IzCuQCKuA&s
68,68,68,Western,Gujarat,Junagadh,Gir National Park,National Park,1965,3.0,4.5,3500,No,,Wildlife,Yes,0.08,Morning,"Home to the Gir National Park, temples, and the Rann of Kutch.",70.4642754,21.5174104,21.0,https://encrypted-tbn0.gstatic.com/images?q=tbn:ANd9GcTJSGM4RhNsH_o_5SlB5N3p4Op4r_J-JzXHrx4PcrLixGSXXCP4IhfThosBn9U&s
69,69,69,Western,Gujarat,Bhuj,White Desert,Site,1950,2.5,4.6,0,Yes,,Nature,Yes,0.12,Evening,"Home to the Gir National Park, temples, and the Rann of Kutch.",69.668339,23.2472446,4.0,https://encrypted-tbn0.gstatic.com/images?q=tbn:ANd9GcR9TIyAGlKQUJHKh-IizphVHeNfYOotnuhjdSn2r8fySddmwZJuJUL-5Kgj0w&s
70,70,70,Western,Gujarat,Vadodara,Laxmi Vilas Palace,Palace,1890,2.0,4.4,200,Yes,Monday,Historical,Yes,0.17,Afternoon,"Home to the Gir National Park, temples, and the Rann of Kutch.",73.1942567,22.2973142,15.0,https://encrypted-tbn0.gstatic.com/images?q=tbn:ANd9GcRswzmKdM7Vcyf5zKk2GfI1yyYdOw0WaIw-YcK7vwAXnP0k7Gh4q4XA-fY0VQ&s
71,71,71,Western,Gujarat,Somnath,Somnath Temple,Temple,1951,2.0,4.8,0,No,,Religious,No,0.39,Morning,"Home to the Gir National Park, temples, and the Rann of Kutch.",70.4025266,20.8907001,7.0,https://encrypted-tbn0.gstatic.com/images?q=tbn:ANd9GcQ3cAAjMqu95A9rTMrlOHbPUGNig3B640T2yaEgLa3gB8WMCULFD5xYutazAw&s
72,72,72,Western,Gujarat,Rann of Kutch,Rann Utsav,Cultural,Unknown,3.0,4.9,7500,Yes,,Cultural,Yes,0.1,Evening,"Home to the Gir National Park, temples, and the Rann of Kutch.",70.49661369,23.79055185,24.0,https://encrypted-tbn0.gstatic.com/images?q=tbn:ANd9GcRtUxT3hI-uVcS9j_AccFgyIPFs_g121TlTjVhmXOh96mWhxRN-jxsB4h_4ieg&s
73,73,73,Western,Gujarat,Kevadia,Statue of Unity,Monument,2018,3.0,4.6,350,No,Monday,Historical,Yes,0.67,All,"Home to the Gir National Park, temples, and the Rann of Kutch.",73.1472445,21.2947722,21.0,https://encrypted-tbn0.gstatic.com/images?q=tbn:ANd9GcQg0lTd9YnDGqJtxoMOuLk7bAW8io8Vs6Aaos-gRnZ8h5ZjXo6MJwn65o5wtno&s
74,74,74,Western,Gujarat,Gandhinagar,Dandi Kutir,Museum,2013,1.5,4.5,0,No,,Historical,Yes,0.05,All,"Home to the Gir National Park, temples, and the Rann of Kutch.",72.6492267,23.2232877,4.0,https://encrypted-tbn0.gstatic.com/images?q=tbn:ANd9GcR3Biehe-y0Q_UV12QhDH6-iX0YaKro0lXsyIMu_1b0GuZJGzH_LfbBnS0UbW4&s
75,75,75,Western,Gujarat,Ahmedabad,Sabarmati Riverfront,Urban Development Project,2012,1.0,4.6,0,Yes,,Recreational,Yes,0.1,Evening,"Home to the Gir National Park, temples, and the Rann of Kutch.",72.5800568,23.0215374,4.0,https://encrypted-tbn0.gstatic.com/images?q=tbn:ANd9GcRjR4mtOopTrqFl0WeEKrvnIwWycYX46vMxoTDD8sgzcNGuj3C-_9WYzYqhRmo&s
76,76,76,Western,Gujarat,Ahmedabad,Manek Chowk,Market,Unknown,2.0,4.4,0,Yes,,Food,Yes,0.49,Night,"Home to the Gir National Park, temples, and the Rann of Kutch.",72.5800568,23.0215374,4.0,https://encrypted-tbn0.gstatic.com/images?q=tbn:ANd9GcRFObDnH3kC9TDcnmYbzxMVxEFFA8fzJZeqp_915r3xs8f5OwYok36LlNItFg&s
77,77,77,Western,Gujarat,Ahmedabad,Kankaria Lake,Lake,1451,3.0,4.5,10,Yes,,Recreational,Yes,0.3,Afternoon,"Home to the Gir National Park, temples, and the Rann of Kutch.",72.5800568,23.0215374,4.0,https://encrypted-tbn0.gstatic.com/images?q=tbn:ANd9GcQFSNP4A1bf0rlUh-cKHWXBt8AH-zGVRmqzTLb-w4SfCnjwFDzKvgWWncyzDEQ&s
78,78,78,Western,Gujarat,Ahmedabad,Science City,Science,2002,7.0,4.4,500,Yes,Monday,Educational,Yes,0.11,All,"Home to the Gir National Park, temples, and the Rann of Kutch.",72.5800568,23.0215374,4.0,https://encrypted-tbn0.gstatic.com/images?q=tbn:ANd9GcSeI7dWvlMXUyedZIgS1JpXiufYAcwSeGkLIgqdDdCUrEqhTYRjby60rHTViIQ&s
79,79,79,Northern,Rajasthan,Jaipur,Hawa Mahal,Palace,1799,1.0,4.4,50,Yes,,Architectural,Yes,1.3,Morning,"Desert state famous for its palaces, forts, and rich culture.",75.8189817,26.9154576,1.0,https://encrypted-tbn0.gstatic.com/images?q=tbn:ANd9GcS-Ma5kzVXNlwJpgqJqdmMrcvkJ4Nf5FrtfNH7O3C_JcrMpiEd3hLvpTNsiGi0&s
80,80,80,Northern,Rajasthan,Udaipur,City Palace,Palace,1559,2.0,4.4,300,Yes,,Historical,Yes,0.51,All,"Desert state famous for its palaces, forts, and rich culture.",73.6862571,24.578721,11.0,https://encrypted-tbn0.gstatic.com/images?q=tbn:ANd9GcSMpxb2q_intayQv3WBcl9eqp3yOzGBBvFfIXXe8uXJq0ggoB4iJpjPo3yzhQ&s
81,81,81,Northern,Rajasthan,Jaisalmer,Jaisalmer Fort,Fort,1156,2.5,4.4,50,No,,Historical,Yes,0.56,All,"Desert state famous for its palaces, forts, and rich culture.",70.77751198,27.0264162,1.0,https://encrypted-tbn0.gstatic.com/images?q=tbn:ANd9GcTCIQLqtowmD0GHIJx5JMoRUmBky4sc1lmafLOxGkwLn3a73jBUJ_qNmGgS1Q&s
82,82,82,Northern,Rajasthan,Sawai Madhopur,Ranthambore National Park,Wildlife Sanctuary,1980,3.0,4.6,500,No,,Wildlife,Yes,0.09,All,"Desert state famous for its palaces, forts, and rich culture.",76.42406373,26.1137182,17.0,https://encrypted-tbn0.gstatic.com/images?q=tbn:ANd9GcR4NXM23mVlPHvN2GK0hiKBlGH8c1rYLhkQNqhs4hLSp7o0rmIGAc0f7tmJ2yw&s
83,83,83,Northern,Rajasthan,Pushkar,Pushkar Lake,Temple,1400,1.5,4.4,0,No,,Religious,Yes,1.6,All,"Desert state famous for its palaces, forts, and rich culture.",74.5578484,26.4876472,17.0,https://encrypted-tbn0.gstatic.com/images?q=tbn:ANd9GcQ1oI_3i0zxaKSJp748vXd5cZZngm-3ZRPmmkPwXdunDArtfEc-nc2bBjZ_LQ&s
84,84,84,Northern,Rajasthan,Ajmer,Ajmer Sharif Dargah,Shrine,1236,1.0,4.6,0,Yes,,Religious,No,0.35,All,"Desert state famous for its palaces, forts, and rich culture.",74.639,26.4691,17.0,https://encrypted-tbn0.gstatic.com/images?q=tbn:ANd9GcTk1Y3TbfUmwGofrV6wsQGu1akFIWDAWeht6O3W31qMEgd1jRio3W-ipUiPNQ&s
85,85,85,Northern,Rajasthan,Jodhpur,Mehrangarh Fort,Fort,1459,2.0,4.6,100,Yes,,Historical,Yes,0.64,All,"Desert state famous for its palaces, forts, and rich culture.",73.0351433,26.2967719,17.0,https://encrypted-tbn0.gstatic.com/images?q=tbn:ANd9GcSo5JhCiuF98mZku96YtH2zpOepRR0aLGGYVNpWZ0eMaJg1lRb7t6lro-p9aw&s
86,86,86,Northern,Rajasthan,Chittorgarh,Chittorgarh Fort,Fort,700,2.0,4.6,40,No,,Historical,Yes,1.9,All,"Desert state famous for its palaces, forts, and rich culture.",74.47181294,24.7171578,11.0,https://encrypted-tbn0.gstatic.com/images?q=tbn:ANd9GcQMmJXyaQyTZ5bt9r-iKi3dL5XTGWi-NPK1feF2QPlg1HxQS4GGP0zV29dS2Q&s
87,87,87,Northern,Rajasthan,Mount Abu,Dilwara Temples,Temple,1100,1.0,4.6,0,No,,Religious,No,0.05,All,"Desert state famous for its palaces, forts, and rich culture.",72.7081876,24.592433,11.0,https://encrypted-tbn0.gstatic.com/images?q=tbn:ANd9GcRaKKaQuNxNi4XTTMwibjrRn1QtDWyVYI4DrLsdsFKxbDYUpNcdQ7HoRenF8Q&s
88,88,88,Northern,Rajasthan,Bikaner,Junagarh Fort,Fort,1589,2.0,4.5,50,Yes,,Historical,Yes,0.32,All,"Desert state famous for its palaces, forts, and rich culture.",73.3171367,28.0159286,3.0,https://encrypted-tbn0.gstatic.com/images?q=tbn:ANd9GcRkvCFYiFQViZ_l-95Z83koW391SE8QpuvxoHAolunczLKsCCpIywkRP_5LdSA&s
89,89,89,Northern,Rajasthan,Jaipur,Amber Fort,Fort,1592,2.0,4.6,100,Yes,,Historical,Yes,1.5,All,"Desert state famous for its palaces, forts, and rich culture.",75.8189817,26.9154576,1.0,https://encrypted-tbn0.gstatic.com/images?q=tbn:ANd9GcQMoJQzLAGprT1vhE9zCLeVfBPZAHvVZJqvxEuoKnKBbxCyHO7pV65k9IcO9A4&s
90,90,90,Northern,Rajasthan,Jaipur,Jaigarh Fort,Fort,1726,1.5,4.5,35,Yes,,Historical,Yes,0.3,All,"Desert state famous for its palaces, forts, and rich culture.",75.8189817,26.9154576,1.0,https://encrypted-tbn0.gstatic.com/images?q=tbn:ANd9GcSK5X1EDTYkIhv8CRGF4MMLEv6zy_CjNnlNvl52mOpD5Wnp5LF0Ya14b7ppEA&s
91,91,91,Northern,Rajasthan,Udaipur,Lake Pichola,Lake,1362,1.0,4.6,0,Yes,,Nature,Yes,0.5,All,"Desert state famous for its palaces, forts, and rich culture.",73.6862571,24.578721,11.0,https://encrypted-tbn0.gstatic.com/images?q=tbn:ANd9GcSmTrhHKr-iIJ9eipFzek3es6_gvi6HvyfSdgcmqo9d5DkCdENz9ZdGnNrAoUc&s
92,92,92,Northern,Punjab,Amritsar,Golden Temple (Harmandir Sahib),Religious Site,1604,1.5,4.9,0,Yes,,Spiritual,Yes,1.9,All,"Land of five rivers, known for its cuisine and festivals.",74.8736788,31.6343083,23.0,https://encrypted-tbn0.gstatic.com/images?q=tbn:ANd9GcRY7UPHRl6rjo6R1TVo8ViH-mSZprLEEcBkEym2i4p8G-Dbu02HUna58WEZSNA&s
93,93,93,Northern,Punjab,Amritsar,Jallianwala Bagh,Memorial,1951,1.0,4.8,0,Yes,,Historical,Yes,0.3,Afternoon,"Land of five rivers, known for its cuisine and festivals.",74.8736788,31.6343083,23.0,https://encrypted-tbn0.gstatic.com/images?q=tbn:ANd9GcRDA-lwA67v6iY4J9GkzMvQ8F3NRrNybqZYRAdV1fd7CLXvYioBEsf9GN7hQSw&s
94,94,94,Northern,Punjab,Amritsar,Wagah Border,Border Crossing,1950,2.0,4.8,0,Yes,,Cultural,Yes,0.17,Evening,"Land of five rivers, known for its cuisine and festivals.",74.8736788,31.6343083,23.0,https://encrypted-tbn0.gstatic.com/images?q=tbn:ANd9GcTZFexK3Z9nfD_bz4T23elKW30cNo9KA_jCn3LaXEP2Ho9V9CnatKgFvpsXXg&s
95,95,95,Northern,Punjab,Chandigarh,Rock Garden,Sculpture Garden,1976,2.0,4.5,30,Yes,,Artistic,Yes,0.5,All,"Land of five rivers, known for its cuisine and festivals.",76.7797143,30.7334421,9.0,https://encrypted-tbn0.gstatic.com/images?q=tbn:ANd9GcRt1QKm-ZNnBSNKyXADbWui_E_0oeu8HKQbHPkchBqZqCdXwePf86ZwjsdtIg&s
96,96,96,Southern,Kerala,Alappuzha,Alappuzha Beach,Beach,Unknown,1.5,4.5,0,Yes,,Recreational,Yes,0.11,All,"Famous for its backwaters, beaches, and Ayurvedic treatments.",76.41241429,9.5006651,5.0,https://encrypted-tbn0.gstatic.com/images?q=tbn:ANd9GcSqOnoB2dHpzzouHhz_r3qGQ5lihMzQ7uP4orTpGDa5SeJ_uAB8ivkHlP47vA&s
97,97,97,Southern,Kerala,Munnar,Munnar Tea Gardens,Scenic Area,Unknown,2.0,4.3,0,No,,Nature,Yes,0.3,All,"Famous for its backwaters, beaches, and Ayurvedic treatments.",77.0600915,10.0869959,5.0,https://encrypted-tbn0.gstatic.com/images?q=tbn:ANd9GcQzX1vJm556uCe-oThDtua8p8Xd7yXe3xnDGdFi_KP-TIhdkRv6U8Jgsfsitg&s
98,98,98,Southern,Kerala,Kochi,Fort Kochi,Site,1503,1.0,4.4,0,Yes,,Historical,Yes,0.1,All,"Famous for its backwaters, beaches, and Ayurvedic treatments.",76.2454436,9.9674277,5.0,https://encrypted-tbn0.gstatic.com/images?q=tbn:ANd9GcTe5br3DE5tlqqNoHYpMOsvGzVCGK3Avv82ULu2DuE0FTjnIx8HmwlFO9VPxdo&s
99,99,99,Southern,Kerala,Thiruvananthapuram,Padmanabhaswamy Temple,Temple,Unknown,1.0,4.7,0,Yes,,Religious,No,0.46,All,"Famous for its backwaters, beaches, and Ayurvedic treatments.",76.947551,8.4882267,13.0,https://encrypted-tbn0.gstatic.com/images?q=tbn:ANd9GcQmXoGtMw6b_IfywfHLwt4r1PDiPfCwh_4Zja16kDmPfKPtYk6qUAzegqfOmQ&s
100,100,100,Southern,Kerala,Kozhikode,Kozhikode Beach,Beach,Unknown,1.5,3.9,0,Yes,,Recreational,Yes,0.059,All,"Famous for its backwaters, beaches, and Ayurvedic treatments.",75.7754716,11.2450558,14.0,https://encrypted-tbn0.gstatic.com/images?q=tbn:ANd9GcRQv_U-TKL1Ugo9b8cqUcfnOUftU96bLgG-kdG7Q5W34MZ_RNMZwVTIqJgfYw&s
101,101,101,Southern,Kerala,Wayanad,Wayanad Wildlife Sanctuary,Wildlife Sanctuary,Unknown,3.0,4.5,300,No,,Wildlife,Yes,2.2,All,"Famous for its backwaters, beaches, and Ayurvedic treatments.",76.12711851,11.71512915,2.0,https://encrypted-tbn0.gstatic.com/images?q=tbn:ANd9GcQFLMypee15Gm-jgeQ8siolC_tka4qvd424QrjFTIQdmuS4m2o2Id2-HCTzVw&s
102,102,102,Southern,Kerala,Thekkady,Periyar National Park,National Park,1982,3.0,4.3,50,No,,Wildlife,Yes,0.14,All,"Famous for its backwaters, beaches, and Ayurvedic treatments.",77.181142,9.5804995,5.0,https://encrypted-tbn0.gstatic.com/images?q=tbn:ANd9GcTOGLq2YzjP-3NSNSVf2mIBYZcw9hu-9GSVGxgHBp45rL5f5iGzaY3Gg0p73A&s
103,103,103,Southern,Kerala,Kumarakom,Kumarakom Bird Sanctuary,Bird Sanctuary,1972,2.0,3.8,50,Yes,,Wildlife,Yes,0.1,All,"Famous for its backwaters, beaches, and Ayurvedic treatments.",76.4302599,9.5949953,5.0,https://encrypted-tbn0.gstatic.com/images?q=tbn:ANd9GcR1AtCkYyws6dq_Z8GMuL_vYdCFbb0TRGmP0KD2m0iJqwrAFq-0d30WBRB2cw&s
104,104,104,Southern,Kerala,Varkala,Varkala Beach,Beach,Unknown,2.0,4.6,0,Yes,,Recreational,Yes,0.1,All,"Famous for its backwaters, beaches, and Ayurvedic treatments.",76.7257086,8.7342288,13.0,https://encrypted-tbn0.gstatic.com/images?q=tbn:ANd9GcTI6ZMzW9TSkTnqz_2iZ7soc4lUnUnXfIVLSzPBK0IBcpBwqDc3XOd1Z3dSavI&s
105,105,105,Southern,Kerala,Bekal,Bekal Fort,Fort,1650,1.5,4.5,20,No,,Historical,Yes,0.22,All,"Famous for its backwaters, beaches, and Ayurvedic treatments.",75.0371916,12.395725,2.0,https://encrypted-tbn0.gstatic.com/images?q=tbn:ANd9GcRFYoE137oQqCNTxWM3FjWdkcoqB-IC8f4rlgVLa1TD6NH5CB-QxlBF7i2aVXY&s
106,106,106,Southern,Kerala,Kovalam,Kovalam Beach,Beach,Unknown,2.0,4.4,0,Yes,,Recreational,Yes,0.68,All,"Famous for its backwaters, beaches, and Ayurvedic treatments.",76.9785152,8.3902593,13.0,https://encrypted-tbn0.gstatic.com/images?q=tbn:ANd9GcSZuC1oWLOzUWT8xMHi1XuZ5aZQ7Dfodbv5Gwm0K6Bh0jn1EnbmlrEqNRk_hYY&s
107,107,107,Southern,Kerala,Kannur,St. Angelo Fort,Fort,1505,1.0,4.4,20,Yes,,Historical,Yes,0.11,All,"Famous for its backwaters, beaches, and Ayurvedic treatments.",75.3737973,11.8763836,2.0,https://encrypted-tbn0.gstatic.com/images?q=tbn:ANd9GcQpufQPruh6HJnrn3J60e5ASoi97UOIpnxyqaY_erepcRYKYJLqwNo1ImfM9A&s
108,108,108,Southern,Kerala,Nelliyampathy,Seethargundu Viewpoint,Viewpoint,Unknown,1.0,4.5,0,No,,Nature,Yes,0.03,Morning,"Famous for its backwaters, beaches, and Ayurvedic treatments.",76.6932494,10.5349244,14.0,https://encrypted-tbn0.gstatic.com/images?q=tbn:ANd9GcTx9YYEWMJI-irfaTHjiO0wLhe6SLjX7IiFug1BjYUD2rF3M_XbGZSftlPJew&s
109,109,109,Southern,Kerala,Kochi,Kerala Folklore Museum,Cultural,2009,1.5,4.4,100,Yes,Monday,Cultural,Yes,0.1,All,"Famous for its backwaters, beaches, and Ayurvedic treatments.",76.2454436,9.9674277,5.0,https://encrypted-tbn0.gstatic.com/images?q=tbn:ANd9GcRsjHGSKSqzxgy3CE1RRtf_yONILXCqJSPZsf3XmOf4XvHonbah6U8tRvUYFs0&s
110,110,110,Southern,Kerala,Kochi,Wonderla Amusement Park,Amusement Park,2016,5.5,4.6,750,Yes,,Entertainment,Yes,0.41,All,"Famous for its backwaters, beaches, and Ayurvedic treatments.",76.2454436,9.9674277,5.0,https://encrypted-tbn0.gstatic.com/images?q=tbn:ANd9GcRFWGL8EOIo12Rb-INo1mOaUOageRswv21n1A_JDuSTLba1hv7s5GZQl4xNGQ&s
111,111,111,Southern,Karnataka,Mysore,Mysore Palace,Palace,1912,2.0,4.6,50,Yes,,Historical,Yes,2.5,All,"Known for its IT hub Bengaluru, heritage sites, and coffee plantations.",76.6553609,12.3051828,2.0,https://encrypted-tbn0.gstatic.com/images?q=tbn:ANd9GcR3MuJfrj2RSahckKoCDdJerY_yiRZW7AviNXOModFBetaDOVbAmdAH4wDQ5w&s
112,112,112,Southern,Karnataka,Hampi,Hampi Archaeological Ruins,Site,Unknown,3.0,4.7,0,No,,Historical,Yes,0.05,All,"Known for its IT hub Bengaluru, heritage sites, and coffee plantations.",76.4610201,15.3358,8.0,https://encrypted-tbn0.gstatic.com/images?q=tbn:ANd9GcRwLTCq3bvoSCHodB5eWBYysnT2W84To6Q-sjhGR7tPToYIcWcrFD9viDKyVg&s
113,113,113,Southern,Karnataka,Coorg,Abbey Falls,Waterfall,Unknown,1.0,4.1,0,No,,Nature,Yes,0.03,Morning,"Known for its IT hub Bengaluru, heritage sites, and coffee plantations.",77.6151183,12.9363343,18.0,https://encrypted-tbn0.gstatic.com/images?q=tbn:ANd9GcTo2Cw8tVXeSNqUq1mgH3XpCGJGuB8dQj3jPn694xxjLhLBAGKgnCjFYke4boU&s
114,114,114,Southern,Karnataka,Gokarna,Om Beach,Beach,Unknown,2.0,4.5,0,No,,Nature,Yes,0.09,All,"Known for its IT hub Bengaluru, heritage sites, and coffee plantations.",74.3184418,14.5439629,19.0,https://encrypted-tbn0.gstatic.com/images?q=tbn:ANd9GcS9SBpiwn30b-aqufCCHAp_xPs3njDfybuRs_3bfLyO-OUHImtB0-2wVTPk0w&s
115,115,115,Southern,Karnataka,Chikmagalur,Mullayanagiri,Mountain Peak,Unknown,3.0,4.5,0,No,,Nature,Yes,0.05,All,"Known for its IT hub Bengaluru, heritage sites, and coffee plantations.",75.7738743,13.318014,18.0,https://encrypted-tbn0.gstatic.com/images?q=tbn:ANd9GcQmQOyEPdd2Of0BSax41N4uqzsaqkbOFhOXnuDREKWEDrqScbACV6TbIY36ew&s
116,116,116,Southern,Karnataka,Badami,Badami Cave Temples,Cave,600,1.5,4.6,30,No,,Religious,No,0.2,All,"Known for its IT hub Bengaluru, heritage sites, and coffee plantations.",75.6807865,15.9203874,8.0,https://encrypted-tbn0.gstatic.com/images?q=tbn:ANd9GcQx95bwrSRijv7USlXIoYJaGJrxAkFwnOeRozZS1G5bvZhY355os-PrrlOz6w&s
117,117,117,Southern,Karnataka,Shivamogga,Jog Falls,Waterfall,1900,1.5,4.6,30,No,,Nature,Yes,0.23,Morning,"Known for its IT hub Bengaluru, heritage sites, and coffee plantations.",75.23805528,14.05565025,19.0,https://encrypted-tbn0.gstatic.com/images?q=tbn:ANd9GcSnoBuFNJG6C7KOmEzuobPRQTmyd6q34QRlmqiechwv7xtB_-hKVuvgL7q47A&s
118,118,118,Southern,Karnataka,Mangalore,Panambur Beach,Beach,Unknown,1.5,4.5,0,Yes,,Recreational,Yes,0.1,All,"Known for its IT hub Bengaluru, heritage sites, and coffee plantations.",74.8430082,12.8698101,18.0,https://encrypted-tbn0.gstatic.com/images?q=tbn:ANd9GcTExL2Zsm39M4Ntajlajj1ZsfyiHSI-7-fFYvAhbJ6oAxyc4pao6dF8_qrI1g&s
119,119,119,Southern,Karnataka,Murudeshwar,Murudeshwar Temple,Temple,Unknown,1.0,4.7,0,Yes,,Religious,No,0.49,All,"Known for its IT hub Bengaluru, heritage sites, and coffee plantations.",75.11971136,15.3410864,8.0,https://encrypted-tbn0.gstatic.com/images?q=tbn:ANd9GcTEs8Zk71fAYsnVtPeAKOXaZIzaE2wM3mNn9m6GymaM_Zp4iMwCBPyhr4YQikY&s
120,120,120,Southern,Karnataka,Bijapur,Gol Gumbaz,Mausoleum,1656,1.5,4.5,20,No,,Historical,Yes,0.25,All,"Known for its IT hub Bengaluru, heritage sites, and coffee plantations.",75.7175387,16.8269911,0.0,https://encrypted-tbn0.gstatic.com/images?q=tbn:ANd9GcRrLzXsvR256977_H9KGmdWKMr4eaiPN1pi-OH-VraSH8U7Ll9Awj-dbvz6EQ&s
121,121,121,Southern,Karnataka,Bandipur,Bandipur National Park,National Park,1974,3.0,4.4,300,No,,Wildlife,Yes,0.15,Morning,"Known for its IT hub Bengaluru, heritage sites, and coffee plantations.",77.47741148,24.22548715,11.0,https://encrypted-tbn0.gstatic.com/images?q=tbn:ANd9GcQdqGJbhrPwwNuF0OHrjZDRKSFO0hCorQ8IoIxz1jwAxzkwK5XID2Nggq4VV-w&s
122,122,122,Southern,Karnataka,Halebidu,Halebidu Hoysaleswara Temple,Temple,1121,1.0,4.7,15,No,,Religious,No,0.11,All,"Known for its IT hub Bengaluru, heritage sites, and coffee plantations.",76.4607075,12.359893,2.0,https://encrypted-tbn0.gstatic.com/images?q=tbn:ANd9GcQLMg9eUmFOykzxs34o33_9u9gOtVQjXDrtUdcql_t9Y3SUJbwx45X_6SdvZ3c&s
123,123,123,Western,Maharashtra,Pune,Shaniwar Wada,Fort,1732,2.0,4.4,50,Yes,,Historical,Yes,1.2,All,"Home to Mumbai, the financial capital, and historical sites.",73.8545071,18.5213738,12.0,https://encrypted-tbn0.gstatic.com/images?q=tbn:ANd9GcQvflP6eMobES73oJ0rldtOruDtyJfgKN8kOWDpgyA9eS10Cbr8xApyVxFI6A&s
124,124,124,Western,Maharashtra,Aurangabad,Ajanta Caves,Cave,200,3.0,4.6,30,Yes,Monday,Historical,Yes,0.21,Afternoon,"Home to Mumbai, the financial capital, and historical sites.",84.5,24.75,11.0,https://encrypted-tbn0.gstatic.com/images?q=tbn:ANd9GcTbgvp0GgWjdezeSo0gkLNl38WrKC3ZMOD3021y_AkctkwxS2lDwf8_8yB87Q&s
125,125,125,Western,Maharashtra,Nashik,Sula Vineyards,Vineyard,1999,2.0,4.1,300,Yes,,Recreational,Yes,0.1,Afternoon,"Home to Mumbai, the financial capital, and historical sites.",73.7902364,20.0112475,22.0,https://encrypted-tbn0.gstatic.com/images?q=tbn:ANd9GcRTuwG3wdcEsl6UnJH5lWerZR6CkPgXtKqc3VRlJzCvWQ54wqt5yZHHgDxhZ9s&s
126,126,126,Western,Maharashtra,Shirdi,Sai Baba Temple,Temple,1922,1.5,4.7,0,Yes,,Religious,No,0.69,All,"Home to Mumbai, the financial capital, and historical sites.",74.4754386,19.7668121,22.0,https://encrypted-tbn0.gstatic.com/images?q=tbn:ANd9GcTFJivgSaCdsFhkpVlMN_vcCUaPyPuKJRmi1gxVOBek2ucSx28dxqVNiCVgvwE&s
127,127,127,Western,Maharashtra,Alibaug,Alibaug Beach,Beach,Unknown,1.5,4.2,0,Yes,,Recreational,Yes,0.05,Evening,"Home to Mumbai, the financial capital, and historical sites.",72.8787677,18.6627281,12.0,https://encrypted-tbn0.gstatic.com/images?q=tbn:ANd9GcTJztrgu8GaakA4edC-CTstB2J3bcrIhKwUnZyrzvubHJdipSOMTEVjTjsSPmM&s
128,128,128,Western,Maharashtra,Ratnagiri,Ganapatipule Temple,Temple,1600,1.0,4.7,0,No,,Religious,No,0.1,All,"Home to Mumbai, the financial capital, and historical sites.",73.4569787,17.2826079,0.0,https://encrypted-tbn0.gstatic.com/images?q=tbn:ANd9GcTzqNcOlPytBolA9bYNCaHepTiXGmD_aDOrvvaYdFWCI4-DXzhxYvyMY8_Oo9c&s
129,129,129,Western,Maharashtra,Nagpur,Deekshabhoomi,Monument,2001,1.0,4.5,0,Yes,,Religious,Yes,0.11,Afternoon,"Home to Mumbai, the financial capital, and historical sites.",79.0820556,21.1498134,21.0,https://encrypted-tbn0.gstatic.com/images?q=tbn:ANd9GcQg-JU7LQmpJR8XbD7BznO9dsqnXokivGvY_sk-5nIH3NIiJB1JKQeyzkxExz4&s
130,130,130,Western,Maharashtra,Kolhapur,Mahalakshmi Temple,Temple,700,1.0,4.8,0,Yes,,Religious,No,0.9,All,"Home to Mumbai, the financial capital, and historical sites.",74.2405329,16.7028412,0.0,https://encrypted-tbn0.gstatic.com/images?q=tbn:ANd9GcSFyNMpDpCl5DwCg66n47IH0Ixjf1tqUvrCW1j-3Q-6nQJxVRjAmvrOClYT7w&s
131,131,131,Western,Maharashtra,Lonavala,Karla Caves,Cave,200,1.5,4.4,25,Yes,Yes,Historical,Yes,0.27,Afternoon,"Home to Mumbai, the financial capital, and historical sites.",73.4016729,18.7548563,12.0,https://encrypted-tbn0.gstatic.com/images?q=tbn:ANd9GcQpM6RiT8NaBtT-qwpJcxAmhFz-bITp329BMLOQqWQGB_nuKvp6yPHjG8qHew&s
132,132,132,Western,Maharashtra,Tarkarli,Tarkarli Beach,Beach,Unknown,2.0,4.6,0,No,,Recreational,Yes,0.065,Evening,"Home to Mumbai, the financial capital, and historical sites.",73.4918404,16.006814,8.0,https://encrypted-tbn0.gstatic.com/images?q=tbn:ANd9GcQnRKK5ab_w98AENY_yZ8TyLu39U4YnufmCD5DWfawvfRBQRxXqiKzCrm-Z7qQ&s
133,133,133,Western,Maharashtra,Satara,Kaas Plateau,Valley,Unknown,2.0,4.4,300,No,,Nature,Yes,0.05,Afternoon,"Home to Mumbai, the financial capital, and historical sites.",74.29827808,17.63612885,0.0,https://encrypted-tbn0.gstatic.com/images?q=tbn:ANd9GcS-tvCx9-eYq2SfyXZ0GDZ0jtWWag85rS8CiZF_CoxlL3zH5F_x1VZ770aMFcw&s
134,134,134,Western,Maharashtra,Matheran,Echo Point,Viewpoint,1828,1.5,4.4,0,Yes,,Nature,Yes,0.02,Morning,"Home to Mumbai, the financial capital, and historical sites.",73.2700191,18.9901544,12.0,https://encrypted-tbn0.gstatic.com/images?q=tbn:ANd9GcTTT_RshTgGcYszogv24GGi3WgM7khu_zEV5xMKYQZ8zcJXMnr-IqSwP132pg&s
135,135,135,Western,Maharashtra,Ajanta,Ellora Caves,Cave,600,3.0,4.7,30,Yes,Tuesday,Historical,Yes,0.49,Afternoon,"Home to Mumbai, the financial capital, and historical sites.",75.7513692,20.532524,7.0,https://encrypted-tbn0.gstatic.com/images?q=tbn:ANd9GcRQqJHr2YlGOfkrUVwJPM2OOg3FCGyhR7ML5anSuzrW7VypwftmoDQQhfKaoQ&s
136,136,136,Central,Madhya Pradesh,Khajuraho,Khajuraho Group of Monuments,Temples,-850,2.0,4.7,40,No,,Cultural,Yes,0.09,Afternoon,"Heart of India with temples, forts, and wildlife parks.",79.9259786,24.8515132,11.0,https://encrypted-tbn0.gstatic.com/images?q=tbn:ANd9GcSY3K9OW0QWqGxSylPWScpNW0K9Dv7VbTjeL95qjRrd7zgqA70cImaMoC66Y5c&s
137,137,137,Central,Madhya Pradesh,Bhopal,Sanchi Stupa,Monument,-300,1.5,4.7,30,Yes,,Historical,Yes,0.01,Afternoon,"Heart of India with temples, forts, and wildlife parks.",77.401989,23.2584857,4.0,https://encrypted-tbn0.gstatic.com/images?q=tbn:ANd9GcS3e7KGs6GwUsspy-8L4QAP-NW5jUFez0bOJd2te41fGr2RGBdbCX4IlvY81g&s
138,138,138,Central,Madhya Pradesh,Indore,Rajwada Palace,Palace,1747,1.0,4.4,10,Yes,,Historical,Yes,0.63,Afternoon,"Heart of India with temples, forts, and wildlife parks.",75.8681996,22.7203616,15.0,https://encrypted-tbn0.gstatic.com/images?q=tbn:ANd9GcQ-4JDUP8YFaRyJYVEXwWgGRicXAMDfaUw9WsQ05HaZ33fHI8LhAGkzHR_m-Ko&s
139,139,139,Central,Madhya Pradesh,Gwalior,Gwalior Fort,Fort,900,2.5,4.5,75,Yes,,Historical,Yes,0.4,Morning,"Heart of India with temples, forts, and wildlife parks.",78.1573628,26.2037247,17.0,https://encrypted-tbn0.gstatic.com/images?q=tbn:ANd9GcRBHC9u6ap-hPvGz4HYFtlXty_cIA6VeYj5gditve3UPbrmluhuEAwEJ_kfBw&s
140,140,140,Central,Madhya Pradesh,Ujjain,Mahakaleshwar Jyotirlinga,Temple,-3500,1.5,4.8,0,Yes,,Religious,No,1.2,All,"Heart of India with temples, forts, and wildlife parks.",75.7716562,23.1885131,4.0,https://encrypted-tbn0.gstatic.com/images?q=tbn:ANd9GcTBazM4JxGLZp91YPX-riWmuJM9lHV99TSNnoYi1mxA0yMOBU4n9lxOatFq8oA&s
141,141,141,Central,Madhya Pradesh,Jabalpur,Dhuandhar Falls,Waterfall,Unknown,1.0,4.5,0,No,,Nature,Yes,0.01,Morning,"Heart of India with temples, forts, and wildlife parks.",79.9497702,23.1608938,4.0,https://encrypted-tbn0.gstatic.com/images?q=tbn:ANd9GcQaCpDrsQ1XsQSHZXIfRCdT8MLI71LrYR4l6SBTZHGPxASLebn1DdgY7nggwWw&s
142,142,142,Central,Madhya Pradesh,Pachmarhi,Bee Falls,Waterfall,Unknown,1.5,4.6,15,No,,Nature,Yes,0.065,Morning,"Heart of India with temples, forts, and wildlife parks.",78.4360537,22.4736824,15.0,https://encrypted-tbn0.gstatic.com/images?q=tbn:ANd9GcR8GJCRNipzRGIKq9htXXlD-52fI6WoY0VZ1KbDyP0CzuxmvvFuihxpUQ6QxQ&s
143,143,143,Central,Madhya Pradesh,Kanha,Kanha National Park,Wildlife Sanctuary,1955,3.0,4.5,100,No,,Wildlife,Yes,0.1,Morning,"Heart of India with temples, forts, and wildlife parks.",77.6810002,19.8628957,22.0,https://encrypted-tbn0.gstatic.com/images?q=tbn:ANd9GcQX-UZmwlj5lO12zNUSlVA-_BaUPNaj0t6lUGJWjU3Y52W5kWnL67dJz0juCg&s
144,144,144,Central,Madhya Pradesh,Bandhavgarh,Bandhavgarh National Park,National Park,1968,3.0,4.5,50,No,,Wildlife,Yes,0.05,Morning,"Heart of India with temples, forts, and wildlife parks.",81.02450229,23.6444125,24.0,https://encrypted-tbn0.gstatic.com/images?q=tbn:ANd9GcQt-cD8ys35Ez2m6GhLfIkQAhKq0Oj5B0STXxuLzn75xqlaBjGYwdlLvi2DzRo&s
145,145,145,Central,Madhya Pradesh,Orchha,Orchha Fort,Fort,1500,1.5,4.8,10,No,,Historical,Yes,0.1,Afternoon,"Heart of India with temples, forts, and wildlife parks.",78.6402465,25.3528706,16.0,https://encrypted-tbn0.gstatic.com/images?q=tbn:ANd9GcQ6qn0AjdHCQptP4XRKSBnusIQlcwiUf-AvdJp07yENRo6lsJsn05pSnxVwxw&s
146,146,146,Central,Madhya Pradesh,Mandu,Jahaz Mahal,Site,1500,1.0,3.9,50,No,,Historical,Yes,0.03,Afternoon,"Heart of India with temples, forts, and wildlife parks.",85.52633246,23.7978518,24.0,https://encrypted-tbn0.gstatic.com/images?q=tbn:ANd9GcSXifdYc2ZU1JCbw23V8TQ7XEGgVGWEhXXjHL0R-MagK4Y3YnOm_tG5ocMQAg&s
147,147,147,Central,Madhya Pradesh,Bhimbetka,Bhimbetka Rock Shelters,Prehistoric Site,1958,2.0,4.6,25,No,,Archaeological,Yes,0.07,Afternoon,"Heart of India with temples, forts, and wildlife parks.",77.6133286,22.9384007,4.0,https://encrypted-tbn0.gstatic.com/images?q=tbn:ANd9GcQrOEIUfJu4shTCnYq1nRfINlrdC5bnR4Oi1o6U4HiF8r8orBKrVfO0VRl7xvU&s
148,148,148,Central,Madhya Pradesh,Amarkantak,Narmada Udgam Temple,Temple,1200,1.0,4.4,0,No,,Religious,Yes,0.01,All,"Heart of India with temples, forts, and wildlife parks.",81.7588417,22.670465,15.0,https://encrypted-tbn0.gstatic.com/images?q=tbn:ANd9GcRSISD1L2L6C3U-31cUx6tEXu_l33j1Coz5iqbHxIvZe_uPRxsgpbao_WhL6fA&s
149,149,149,Central,Madhya Pradesh,Chitrakoot,Chitrakoot Falls,Waterfall,Unknown,1.5,4.4,0,No,,Nature,Yes,0.1,Morning,"Heart of India with temples, forts, and wildlife parks.",81.10459272,25.21713895,16.0,https://encrypted-tbn0.gstatic.com/images?q=tbn:ANd9GcRpRvSSCspx1gwTEAykcv9I4Qmr3-ipZTKB7VMLiaadQ3qCXm2MT6bzeAukOw&s
150,150,150,Northern,Himachal Pradesh,Shimla,The Ridge,Scenic Point,Unknown,1.0,4.7,0,Yes,,Recreational,Yes,0.03,Morning,Famous for its hill stations like Shimla and Manali.,77.1709729,31.1041526,9.0,https://encrypted-tbn0.gstatic.com/images?q=tbn:ANd9GcSMYb3sk1_ZXx0PXxf5RfkQeFBU6PGOk2V10HVjOg3JwHaR_8b67qU7NiHxCg&s
151,151,151,Northern,Himachal Pradesh,Manali,Solang Valley,Valley,Unknown,2.0,4.1,0,No,,Adventure,Yes,0.05,Morning,Famous for its hill stations like Shimla and Manali.,77.18812183,32.26309405,10.0,https://encrypted-tbn0.gstatic.com/images?q=tbn:ANd9GcSt7DRwRjd7l6nXkPCETjfovB_FhPegd9jaDNFfQd8EpSdphsBsxxgIzEogask&s
152,152,152,Northern,Himachal Pradesh,dalhousie,Dalai Lama Temple,Temple,1959,1.5,4.7,0,Yes,,Religious,No,0.15,All,Famous for its hill stations like Shimla and Manali.,75.94484089,32.54357545,10.0,https://encrypted-tbn0.gstatic.com/images?q=tbn:ANd9GcR_AsY2f5S_hABx5DZtd3SnFea4ZkiGGCyhShiADG1uCIKcuMkA3lcIVkTqr6E&s
153,153,153,Northern,Himachal Pradesh,Dalhousie,Khajjiar Lake,Lake,Unknown,1.5,4.5,0,No,,Nature,Yes,0.1,Morning,Famous for its hill stations like Shimla and Manali.,75.94484089,32.54357545,10.0,https://encrypted-tbn0.gstatic.com/images?q=tbn:ANd9GcSyvy_jv8lwS1S7JcI1YiU3kUi4Iyq_JAg6Uf9jGqvN0NhCbNZlLDZapucZ29s&s
154,154,154,Northern,Himachal Pradesh,Spiti Valley,Key Monastery,Monastery,1100,1.0,4.8,0,No,,Religious,Yes,0.025,Morning,Famous for its hill stations like Shimla and Manali.,,,10.0462963,https://encrypted-tbn0.gstatic.com/images?q=tbn:ANd9GcTioCWUA3AiRAu_z5GQLwfSYIzQ6GEFg7_xfp8d4H0aDBDo7t99kTDH45UkoQ&s
155,155,155,Northern,Himachal Pradesh,Kullu,Great Himalayan National Park,National Park,1984,3.0,4.5,50,No,,Wildlife,Yes,0.2,All,Famous for its hill stations like Shimla and Manali.,77.3789964,32.00186325,10.0,https://encrypted-tbn0.gstatic.com/images?q=tbn:ANd9GcTKgV16AxpDpRQlZmIyntQW5RfdAkFzB068L9ecBThOZpB4A_ousA5UphzB5w&s
156,156,156,Northern,Himachal Pradesh,Chamba,Chamera Lake,Lake,Unknown,2.0,4.4,0,No,,Recreational,Yes,0.01,Morning,Famous for its hill stations like Shimla and Manali.,76.5,32.5,10.0,https://encrypted-tbn0.gstatic.com/images?q=tbn:ANd9GcQp4CSmvmw8FobTN_F729yc9GFqF962oCTUzUYnXhvjhKY7qmEHRO-BJfUQvg&s
157,157,157,Northern,Himachal Pradesh,Kinnaur,Sangla Valley,Valley,Unknown,2.0,4.5,0,No,,Nature,Yes,0.01,Morning,Famous for its hill stations like Shimla and Manali.,78.32814169,31.59301295,23.0,https://encrypted-tbn0.gstatic.com/images?q=tbn:ANd9GcTIM_fNfP_ueWS0u_FPklFKSo6XC1Jx3J64EZkAIXru2QPWUF9CNyUOYMY5-yI&s
158,158,158,Northern,Himachal Pradesh,Kangra,Kangra Fort,Fort,400,2.0,4.4,150,Yes,,Historical,Yes,0.1,All,Famous for its hill stations like Shimla and Manali.,76.29858721,32.0768665,10.0,https://encrypted-tbn0.gstatic.com/images?q=tbn:ANd9GcQ_V--YynssG3S5NYw2msZOHa-RICN5QcsBrLnr_l4TWBrz4IdICIYlh6jcXiM&s
159,159,159,Northern,Himachal Pradesh,Palampur,Tea Gardens,Tea Plantation,1950,1.5,4.6,0,Yes,,Agricultural,Yes,0.015,Morning,Famous for its hill stations like Shimla and Manali.,76.5098927,32.0893012,10.0,https://encrypted-tbn0.gstatic.com/images?q=tbn:ANd9GcTfL9pjlDuxfHTkTnOceKS7adljvZfjeFl2rsvaIOT2PWF6Vxo0up4CMgnHgg&s
160,160,160,Northern,Himachal Pradesh,Mandi,Prashar Lake,Lake,1400,1.5,4.6,0,No,,Nature,Yes,0.01,Morning,Famous for its hill stations like Shimla and Manali.,77.00925419,31.65166165,23.0,https://encrypted-tbn0.gstatic.com/images?q=tbn:ANd9GcQX5TdI4A4UhHlL4t4vjv0pk_UDh4TU9nt6YbnXgx_6HbMj7yovM3i5yw-tdA&s
161,161,161,Northern,Himachal Pradesh,Bir Billing,Paragliding Site,Adventure Sport,2005,2.0,4.8,2500,No,,Adventure,Yes,0.01,All,Famous for its hill stations like Shimla and Manali.,76.745494,32.0616757,10.0,https://encrypted-tbn0.gstatic.com/images?q=tbn:ANd9GcR0q80cR9QAlqprdVA6Xesls_kK0P3M5TbQwoyp8iiNsWSTv8fNXuJ-f9Dv_g&s
162,162,162,Northern,Himachal Pradesh,McLeod Ganj,Triund Trek,Trekking,Unknown,5.0,4.8,0,Yes,,Adventure,Yes,0.01,Morning,Famous for its hill stations like Shimla and Manali.,76.326238,32.2352666,10.0,https://encrypted-tbn0.gstatic.com/images?q=tbn:ANd9GcREaeV9sk-WmeOQipONThJKfBBkD2_woYWDZvhhojELnDQsP3UqZELny-4bqg&s
163,163,163,Northern,Himachal Pradesh,Manikaran,Manikaran Sahib,Gurudwara,1980,1.0,4.6,0,No,,Religious,Yes,1.3,Morning,Famous for its hill stations like Shimla and Manali.,77.3464072,32.0273214,10.0,https://encrypted-tbn0.gstatic.com/images?q=tbn:ANd9GcSo_kKrIeSGIiZGx6tL1S3-a4o1n2ODSD3YDVV2ZWaGev_-y9TIl01-qAMK7i0&s
164,164,164,Northern,Himachal Pradesh,Narkanda,Hatu Peak,Viewpoint,Unknown,2.0,4.5,0,Yes,,Nature,Yes,1.1,All,Famous for its hill stations like Shimla and Manali.,77.4612694,31.2547508,23.0,https://encrypted-tbn0.gstatic.com/images?q=tbn:ANd9GcQ35aRMUqh88YlTqUhtYSdkx7jiXYPTmPLCxSFmruJ6FnEzJyEVWEzF-dHcWQ&s
165,165,165,Northern,Himachal Pradesh,Barot,Barot Valley,Valley,Unknown,2.0,4.7,0,No,,Nature,Yes,1.2,Morning,Famous for its hill stations like Shimla and Manali.,76.8452055,32.0377277,10.0,https://encrypted-tbn0.gstatic.com/images?q=tbn:ANd9GcTsDb702VFJWIPIprMpaKPaleirNuHs-3EJd9RINI57u1prIxArEgBV8e8cUg&s
166,166,166,Northern,Himachal Pradesh,Shoja,Serolsar Lake,Lake,Unknown,2.5,4.4,0,No,,Nature,Yes,0.9,Morning,Famous for its hill stations like Shimla and Manali.,77.3712415,31.5644846,23.0,https://encrypted-tbn0.gstatic.com/images?q=tbn:ANd9GcQx4NqZAuHofK7YDIEboCdf_f7IYeaNipqZkWhetXYPn5OqO-EUo6cieMwa7g&s
167,167,167,Northern,Himachal Pradesh,Kufri,Kufri Fun World,Ski Resort,1975,5.0,3.8,1500,Yes,,Recreational,Yes,0.1,All,Famous for its hill stations like Shimla and Manali.,77.027818,31.1885191,23.0,https://encrypted-tbn0.gstatic.com/images?q=tbn:ANd9GcStz4_ktYAwCggDpKaglMMG8gVWwQKL64ubnekfWg-mp7EHMJZsobkbGgiN3Q&s
168,168,168,Northern,Uttarakhand,Nainital,Naini Lake,Lake,Unknown,1.5,4.2,0,Yes,,Nature,Yes,0.01,Morning,The Land of Gods with its Himalayan beauty and pilgrimage sites.,79.41625113,29.29499495,3.0,https://encrypted-tbn0.gstatic.com/images?q=tbn:ANd9GcSZLnD09XSGmV596LiS0p9yH87N0fpD9vX95K8dw8YOH3_tsIONAjhFNkgmdSw&s
169,169,169,Northern,Uttarakhand,Rishikesh,Laxman Jhula,Suspension Bridge,1939,1.0,4.4,0,Yes,,Cultural,Yes,0.03,Morning,The Land of Gods with its Himalayan beauty and pilgrimage sites.,78.2916193,30.1086537,9.0,https://encrypted-tbn0.gstatic.com/images?q=tbn:ANd9GcQppoChpxRZKzS0l2pOl5lgZ_pt0fautGzy11BtpskKF63sP1YjpM854JsWjmg&s
170,170,170,Northern,Uttarakhand,Haridwar,Har Ki Pauri,Ghat,Unknown,1.0,4.5,0,Yes,,Religious,Yes,0.025,All,The Land of Gods with its Himalayan beauty and pilgrimage sites.,78.00871782,29.91235135,9.0,https://encrypted-tbn0.gstatic.com/images?q=tbn:ANd9GcQpdiWmIWxSrCM_7g65RsZHLPtnw0g5mgcAeJxJTQbqkO-SpkCiDiNwkcRbl7w&s
171,171,171,Northern,Uttarakhand,Dehradun,Robber's Cave,Cave,Unknown,1.5,4.5,25,Yes,,Nature,Yes,0.01,Morning,The Land of Gods with its Himalayan beauty and pilgrimage sites.,77.86254574,30.49981565,9.0,https://encrypted-tbn0.gstatic.com/images?q=tbn:ANd9GcRmnz4sCSM_S0J9q4oA5EtSm80IzsHH5nOETIImIeFouKDU2jTB9BZ8po_2wR0&s
172,172,172,Northern,Uttarakhand,Mussoorie,Kempty Falls,Waterfall,Unknown,1.5,4.2,15,Yes,,Nature,Yes,0.55,Morning,The Land of Gods with its Himalayan beauty and pilgrimage sites.,78.0782906,30.4569012,9.0,https://encrypted-tbn0.gstatic.com/images?q=tbn:ANd9GcR0Os-PJAqFjPPGXUgGFVZs_DShQ5DQcMclLBSI1Y6nGvTlUMn8gUNuHh-5mw&s
173,173,173,Northern,Uttarakhand,Auli,Auli Ski Resort,Ski Resort,1990,3.0,4.5,0,No,,Adventure,Yes,0.01,Morning,The Land of Gods with its Himalayan beauty and pilgrimage sites.,79.5657242,30.5377872,9.0,https://encrypted-tbn0.gstatic.com/images?q=tbn:ANd9GcTXyx7D_PaqEgBbtV6O-RytegZJGWHVk2iHgrE4YV5q3jvyUsSfaHWF5Vazf5E&s
174,174,174,Northern,Uttarakhand,Badrinath,Badrinath Temple,Temple,-820,1.0,4.8,0,No,,Religious,No,0.29,All,The Land of Gods with its Himalayan beauty and pilgrimage sites.,79.4930256,30.7423302,9.0,https://encrypted-tbn0.gstatic.com/images?q=tbn:ANd9GcRs_dMo1KZBIt4kK6xeXeH52OkV7RrjqaCKOPqsxiwRbkfSJgLknYXgExdUIQ&s
175,175,175,Northern,Uttarakhand,Almora,Binsar Wildlife Sanctuary,Wildlife Sanctuary,1988,2.0,4.3,150,No,,Wildlife,Yes,0.01,All,The Land of Gods with its Himalayan beauty and pilgrimage sites.,79.43263182,29.70265095,9.0,https://encrypted-tbn0.gstatic.com/images?q=tbn:ANd9GcTGpl4vmM8QnbGp45_8WUrQNJOAw3gRae0wwoZ8-bXCpnEcCH2pvfzCoAzvAQ0&s
176,176,176,Northern,Uttarakhand,Ranikhet,Chaubatia Gardens,Orchard,1868,1.0,4.0,50,No,,Recreational,Yes,0.025,All,The Land of Gods with its Himalayan beauty and pilgrimage sites.,79.41541417,29.6323007,9.0,https://encrypted-tbn0.gstatic.com/images?q=tbn:ANd9GcTKxyYf9P7XA3zRfDxtE4nNsSAW25ZPeqD_cq1H8AWkhYqojkHIvaucWgcsqw&s
177,177,177,Northern,Uttarakhand,Jim Corbett,Jim Corbett National Park,National Park,1936,3.0,4.4,100,Yes,,Wildlife,Yes,0.3,All,The Land of Gods with its Himalayan beauty and pilgrimage sites.,78.84249503,29.5574752,9.0,https://encrypted-tbn0.gstatic.com/images?q=tbn:ANd9GcTj7QRKIMMJmw8O4CywWNyQsz1I912GGT-OzWhRhhTgGQdJmh8HgRgjbO-d_g&s
178,178,178,Northern,Uttarakhand,Uttarkashi,Gangotri Temple,Temple,1751,1.0,4.8,0,No,,Religious,No,0.05,All,The Land of Gods with its Himalayan beauty and pilgrimage sites.,78.63625207,30.9635733,9.0,https://encrypted-tbn0.gstatic.com/images?q=tbn:ANd9GcRdYtFb1HzYjPT8mzZvv-peb3AEREJzn883oWfGy9SOatZ1h6fChGmAHJCZhA&s
179,179,179,Northern,Uttarakhand,Chopta,Tungnath Temple,Temple,751,2.0,4.8,0,No,,Religious,No,0.09,All,The Land of Gods with its Himalayan beauty and pilgrimage sites.,79.078238,29.9494314,9.0,https://encrypted-tbn0.gstatic.com/images?q=tbn:ANd9GcTdNhACF-XAEY87J7Yqu0ODUJTNMAtvkhws46OjKE67JH7BG29WV9VpiRxJEcs&s
180,180,180,Northern,Uttarakhand,Joshimath,Valley of Flowers,National Park,1982,5.0,4.7,150,No,,Nature,Yes,0.035,Morning,The Land of Gods with its Himalayan beauty and pilgrimage sites.,79.5612607,30.5555752,9.0,https://encrypted-tbn0.gstatic.com/images?q=tbn:ANd9GcSB_EeY9VBxI2EJMZSpNU92l_-z1Xe8hY88_rhNHbyL88--o22UJQeNbNicfw&s
181,181,181,Central,Uttar Pradesh,Agra,Taj Mahal,Mausoleum,1632,2.0,4.6,50,Yes,Friday,Historical,Yes,2.25,Morning,Home to the Taj Mahal and sacred cities like Varanasi.,78.0098161,27.1752554,1.0,https://encrypted-tbn0.gstatic.com/images?q=tbn:ANd9GcRutFm4-E2POeyFHl6Ks9ZLXSD9gCxjNuiBh2c3luolrGc-CEOrNCKC-9Pmew&s
182,182,182,Central,Uttar Pradesh,Varanasi,Kashi Vishwanath Temple,Temple,Unknown,1.0,4.7,0,Yes,,Religious,No,0.9,All,Home to the Taj Mahal and sacred cities like Varanasi.,82.94142724,25.37193385,16.0,https://encrypted-tbn0.gstatic.com/images?q=tbn:ANd9GcTXkb4FhK3o9vsXelEXZ1lNdjKO5LCXQsXV_vA3nVSnTh9rFkYBKY03_BkCSeM&s
183,183,183,Central,Uttar Pradesh,Lucknow,Bara Imambara,Monument,1784,1.5,4.4,50,Yes,Monday,Historical,No,0.45,All,Home to the Taj Mahal and sacred cities like Varanasi.,80.9346001,26.8381,1.0,https://encrypted-tbn0.gstatic.com/images?q=tbn:ANd9GcQ3KrKmfB4a3c33koR35AaYXmDelVvM58ZCGgMDtSeIpMg4fGHZ9tfCL-TLnaI&s
184,184,184,Central,Uttar Pradesh,Mathura,Krishna Janmabhoomi,Temple,Unknown,1.0,4.7,0,Yes,,Religious,No,0.13,All,Home to the Taj Mahal and sacred cities like Varanasi.,77.583333,27.633333,20.0,https://encrypted-tbn0.gstatic.com/images?q=tbn:ANd9GcQBCjj4IFGAe0RhltT6wfco7_h0hNYzKnXdeL1VdRlonXn5iqpQLHilObCiEA&s
185,185,185,Central,Uttar Pradesh,Ayodhya,Ram Janmabhoomi,Religious Site,Unknown,1.0,4.8,0,Yes,,Religious,No,0.025,All,Home to the Taj Mahal and sacred cities like Varanasi.,82.05850341,26.6382763,17.0,https://encrypted-tbn0.gstatic.com/images?q=tbn:ANd9GcS7skCjMKVyz1Gyk2f47V-V4SbRJuCThFRFua6yxkvB6w2ciIJv-cqpnvHkKw&s
186,186,186,Central,Uttar Pradesh,Vrindavan,Banke Bihari Temple,Temple,1864,1.0,4.8,0,Yes,,Religious,No,0.37,All,Home to the Taj Mahal and sacred cities like Varanasi.,77.6938045,27.5753726,20.0,https://encrypted-tbn0.gstatic.com/images?q=tbn:ANd9GcQC8s1Ely_kx_T5IEcntgB5Xsuu1aqlYnwrjy7dq7XMuEpBcF57P05h1IccmMs&s
187,187,187,Central,Uttar Pradesh,Allahabad,Triveni Sangam,Confluence,Unknown,1.0,4.5,0,Yes,,Religious,Yes,0.09,Morning,Home to the Taj Mahal and sacred cities like Varanasi.,81.90349775,25.2793187,16.0,https://encrypted-tbn0.gstatic.com/images?q=tbn:ANd9GcSxusqQcDuqwXX1mJd383owi3VJ6KsdwpYzWGAjEAzu5VFNSH2cH4iUxmIIig&s
188,188,188,Central,Uttar Pradesh,Jhansi,Jhansi Fort,Fort,1613,1.5,4.4,15,Yes,,Historical,Yes,0.25,All,Home to the Taj Mahal and sacred cities like Varanasi.,78.65278024,25.529855,16.0,https://encrypted-tbn0.gstatic.com/images?q=tbn:ANd9GcSa2d3EU8Lme-j4bEdCPYRMOCZt8D6ersQLALwMUIkixCyMT5l5Qht68iF-3Q&s
189,189,189,Central,Uttar Pradesh,Sarnath,Dhamek Stupa,Monument,-500,1.0,4.6,5,Yes,,Historical,Yes,0.065,All,Home to the Taj Mahal and sacred cities like Varanasi.,83.0275999,25.3776274,16.0,https://encrypted-tbn0.gstatic.com/images?q=tbn:ANd9GcQmDvVyv54POwY_UbOlca7MINynnWz3Ds3rdt_j3boLETzIE7BZWel5RCJ_ZQ&s
190,190,190,Central,Uttar Pradesh,Fatehpur Sikri,Buland Darwaza,Monument,1571,2.0,4.4,40,Yes,,Historical,Yes,0.07,Afternoon,Home to the Taj Mahal and sacred cities like Varanasi.,77.6623984,27.0911655,1.0,https://encrypted-tbn0.gstatic.com/images?q=tbn:ANd9GcQTh6ero6Mwu8O7anO_9TySZ0sYj3rhLckAAayXuybWjROuBQYbdY8QtfrT7g&s
191,191,191,Central,Uttar Pradesh,Noida,Okhla Bird Sanctuary,Bird Sanctuary,1990,1.5,4.3,30,Yes,,Wildlife,Yes,0.035,All,Home to the Taj Mahal and sacred cities like Varanasi.,77.3272147,28.5706333,3.0,https://encrypted-tbn0.gstatic.com/images?q=tbn:ANd9GcSib_ZAr9z5-Syr6ZZ6L9q-Zwu3QdmA9Cy1tiVAx33eUQrqIl7IIl8sOjflrA&s
192,192,192,Central,Uttar Pradesh,Aligarh,Aligarh Fort,Fort,1524,1.0,4.1,20,Yes,,Historical,Yes,0.0165,Afternoon,Home to the Taj Mahal and sacred cities like Varanasi.,78.13581531,27.8761073,3.0,https://encrypted-tbn0.gstatic.com/images?q=tbn:ANd9GcRRJ4yKic4HtoL8Gqyii4Twr6HxhXuwcZ2dtZg7OkjUwZEeuiUqSzWUrqFJNuU&s
193,193,193,Central,Uttar Pradesh,Meerut,Augarnath Temple,Temple,Unknown,1.0,4.8,0,Yes,,Religious,No,0.045,All,Home to the Taj Mahal and sacred cities like Varanasi.,77.76796715,29.0018557,3.0,https://encrypted-tbn0.gstatic.com/images?q=tbn:ANd9GcQiW-B9W4maXSVw6w9forYf-qtD110n186oCX9uZpUKGubyTl6m-VyBhC1P1w&s
194,194,194,Central,Uttar Pradesh,Kanpur,Allen Forest Zoo,Zoo,1971,2.0,4.2,150,Yes,Monday,Wildlife,Yes,0.21,All,Home to the Taj Mahal and sacred cities like Varanasi.,80.3217588,26.4609135,17.0,https://encrypted-tbn0.gstatic.com/images?q=tbn:ANd9GcS4AbYmTwVQ_SdqPImPYVivLZuQNB0NHfWnnDE4TDxkzyC8e6VnD02q4r3iamY&s
195,195,195,Northern,Jammu and Kashmir,Srinagar,Dal Lake,Lake,Unknown,2.0,4.6,0,Yes,,Nature,Yes,0.15,Morning,"Renowned for its beautiful valleys, lakes, and houseboats.",74.8204443,34.0747444,6.0,https://encrypted-tbn0.gstatic.com/images?q=tbn:ANd9GcTsbZY9RN5xXs9AE2wGUmspK7kP5MD4hLoB5fmdSTkoStHq9nIUB6yaLh6Tqg&s
196,196,196,Northern,Ladakh,Leh,Pangong Tso,Lake,Unknown,2.0,4.9,20,Yes,,Nature,Yes,0.15,Morning,"Known for its stunning landscapes, monasteries, and adventure tourism.",77.5848133,34.1642029,6.0,https://encrypted-tbn0.gstatic.com/images?q=tbn:ANd9GcT6rMi4IxgaytcdZ8SWWNRsUr0h-CiBK3QoreOO5IBnmUIKJLJ5McuUhRc6TtU&s
197,197,197,Northern,Jammu and Kashmir,Pahalgam,Betaab Valley,Valley,Unknown,2.0,4.6,100,No,,Nature,Yes,0.11,All,"Renowned for its beautiful valleys, lakes, and houseboats.",75.3226479,34.0322048,6.0,https://encrypted-tbn0.gstatic.com/images?q=tbn:ANd9GcR85SZKUX7PiXyT7obRN4x0LvOMUVws-zVtTxyyM-8o3lgaSO8KBg09THJweg&s
198,198,198,Northern,Jammu and Kashmir,Jammu,Vaishno Devi,Temple,Unknown,5.0,4.7,0,Yes,,Religious,No,0.55,All,"Renowned for its beautiful valleys, lakes, and houseboats.",74.8580917,32.7185614,10.0,https://encrypted-tbn0.gstatic.com/images?q=tbn:ANd9GcSxYMVLNKvgtLNq9HBG4qCnV7Z1nLDjHRneyGJwN5IunkdhLElnIJ9aNOfS_w&s
199,199,199,Northern,Jammu and Kashmir,Udhampur,Patnitop Height,Hill,Unknown,2.0,4.1,0,No,,Recreational,Yes,0.01,All,"Renowned for its beautiful valleys, lakes, and houseboats.",75.32658449,32.911964,10.0,https://encrypted-tbn0.gstatic.com/images?q=tbn:ANd9GcQzVPH8bkZh0G5UVfrdC3dw7eMYTmgjAyf9ycKzuEoff7IZIvsvFAhHitJ3Gvk&s
200,200,200,Northern,Jammu and Kashmir,Anantnag,Amarnath Cave,Temple,Unknown,6.0,4.5,0,No,,Religious,Yes,0.11,All,"Renowned for its beautiful valleys, lakes, and houseboats.",75.1455138,33.7368773,6.0,https://encrypted-tbn0.gstatic.com/images?q=tbn:ANd9GcRNdT7uKRZNvUZHMboEbwlpWLQ1VV11iIOTji0NbMNfyPfvoat4ECHtkSUMcQ&s
201,201,201,Northern,Ladakh,Leh,Thiksey Monastery,Monastery,1430,1.5,4.7,20,Yes,,Religious,No,0.05,All,"Known for its stunning landscapes, monasteries, and adventure tourism.",77.5848133,34.1642029,6.0,https://encrypted-tbn0.gstatic.com/images?q=tbn:ANd9GcRJ6j5gerdrBhLWMC4qr-Z0K9i7nMjqPEPai7m3EIIrHBBXbH_TVQseLkmEzw&s
202,202,202,Northern,Ladakh,Nubra Valley,Nubra Valley,Valley,Unknown,2.0,4.5,0,No,,Nature,Yes,0.1,All,"Known for its stunning landscapes, monasteries, and adventure tourism.",77.8233593,33.9940885,6.0,https://encrypted-tbn0.gstatic.com/images?q=tbn:ANd9GcSHYWS0zEi64TaDxgPx7g5v9Cl3_Q0yWszJMRU8XZELeHJtJI3q48yW4wHTYA&s
203,203,203,Northern,Ladakh,Kargil,Kargil War Memorial,War Memorial,24,1.0,4.8,0,No,,Historical,Yes,0.011,All,"Known for its stunning landscapes, monasteries, and adventure tourism.",76.47300957,33.802819,6.0,https://encrypted-tbn0.gstatic.com/images?q=tbn:ANd9GcTAQOPx2eAv1OzEU_gFmKmhFxnSTWG9gqy-_u8mC_tARLhAgtp13oO0IedreQ&s
204,204,204,Northern,Ladakh,Diskit,Diskit Monastery,Monastery,1351,1.0,4.7,20,No,,Religious,No,0.015,Morning,"Known for its stunning landscapes, monasteries, and adventure tourism.",77.5506547,34.5512277,6.0,https://encrypted-tbn0.gstatic.com/images?q=tbn:ANd9GcTlRbwk_Oc87pLYBb85dBfyfYq43U9GY7ZlTqGqDMehe6GSceFqVl8qPk91FA&s
205,205,205,Northern,Jammu and Kashmir,Kishtwar,Kishtwar National Park,National Park,1981,3.0,4.3,100,No,,Wildlife,Yes,0.01,All,"Renowned for its beautiful valleys, lakes, and houseboats.",75.81692388,33.2761171,6.0,https://encrypted-tbn0.gstatic.com/images?q=tbn:ANd9GcR_CmiQ0UYqD_rnoO4_LO1QcHLP_0YfD4DE7lFLJgPnhI61B8g-pX6AJZpWXL0&s
206,206,206,Northern,Ladakh,Hemis,Hemis National Park,National Park,1981,4.0,4.4,20,No,,Wildlife,Yes,0.02,All,"Known for its stunning landscapes, monasteries, and adventure tourism.",77.6341507,33.9083119,6.0,https://encrypted-tbn0.gstatic.com/images?q=tbn:ANd9GcSmOp9Cc19R2dFmdA3yI4L0kU1CkEN7WkhQv9v2OJeEs8y6xyy2Tnv7rrZtUA4&s
207,207,207,Northern,Ladakh,Dras,Dras War Memorial,War Memorial,Unknown,1.0,4.8,0,No,,Historical,Yes,0.012,All,"Known for its stunning landscapes, monasteries, and adventure tourism.",75.750761,34.4292702,6.0,https://encrypted-tbn0.gstatic.com/images?q=tbn:ANd9GcTAQOPx2eAv1OzEU_gFmKmhFxnSTWG9gqy-_u8mC_tARLhAgtp13oO0IedreQ&s
208,208,208,Northern,Ladakh,Leh,Magnetic Hill,Gravity Hill,Unknown,0.5,3.7,0,Yes,,Nature,Yes,0.1,All,"Known for its stunning landscapes, monasteries, and adventure tourism.",77.5848133,34.1642029,6.0,https://encrypted-tbn0.gstatic.com/images?q=tbn:ANd9GcSapM-dMJin01egJhGkgntvmo-9JFdz7jFQX65hAgAUPQojGkeVb57Jfm4Liw&s
209,209,209,Northern,Ladakh,Leh,Khardung La Pass,Hill,Unknown,1.0,4.5,0,Yes,,Adventure,Yes,0.05,Afternoon,"Known for its stunning landscapes, monasteries, and adventure tourism.",77.5848133,34.1642029,6.0,https://encrypted-tbn0.gstatic.com/images?q=tbn:ANd9GcR0JKUexFYNtDFCf5cbmvh2ihar-D55WTzHjs5ZdgXwnZRdoUNb41VgBo6EKg&s
210,210,210,Northern,Ladakh,Leh,Thiksey Monastery,Monastery,1430,1.5,4.7,30,Yes,,Religious,No,0.05,All,"Known for its stunning landscapes, monasteries, and adventure tourism.",77.5848133,34.1642029,6.0,https://encrypted-tbn0.gstatic.com/images?q=tbn:ANd9GcRJ6j5gerdrBhLWMC4qr-Z0K9i7nMjqPEPai7m3EIIrHBBXbH_TVQseLkmEzw&s
211,211,211,Central,Uttar Pradesh,Vrindavan,Prem Mandir,Temple,2012,1.5,4.8,0,Yes,,Religious,Yes,0.49,Evening,Home to the Taj Mahal and sacred cities like Varanasi.,77.6938045,27.5753726,20.0,https://encrypted-tbn0.gstatic.com/images?q=tbn:ANd9GcQGThZVqx3IOuSJPo4RXveY3yLXF0TEo2aaaJiY8Q5TM0DqDfAabS8U616gCS0&s
212,212,212,Central,Uttar Pradesh,Porbandar,Kirti Mandir,Memorial,1950,1.0,4.8,0,Yes,,Historical,Yes,0.03,Morning,Home to the Taj Mahal and sacred cities like Varanasi.,69.85380669,21.60297505,21.0,https://encrypted-tbn0.gstatic.com/images?q=tbn:ANd9GcSopXNoERQWHwAr0QZGq_SO9Mb7sjK1WMJRn2GdB-ZSjVzwjC6-30s9YZJjhQ&s
213,213,213,Central,Uttar Pradesh,Mathura,Nand Gaon,Village,Unknown,1.0,4.1,0,Yes,,Cultural,Yes,0.01,Morning,Home to the Taj Mahal and sacred cities like Varanasi.,77.583333,27.633333,20.0,https://encrypted-tbn0.gstatic.com/images?q=tbn:ANd9GcQ5dZnJHBJGpC8z0gvOIyYXGdkOyXQUPeStbtnf4h_pCOLDOtl7HzjtogwU_A&s
214,214,214,Central,Uttar Pradesh,Mathura,Barsana Mandir,Temple,Unknown,1.0,4.8,0,Yes,,Religious,Yes,0.1,Morning,Home to the Taj Mahal and sacred cities like Varanasi.,77.583333,27.633333,20.0,https://encrypted-tbn0.gstatic.com/images?q=tbn:ANd9GcQEWhiNCt4wZwxlstZbV9l25FodWQk80M0RYVbOyVCSRsc7DdRnz2oHV7m9C4Y&s
215,215,215,Eastern,West Bengal,Darjeeling,Tiger Hill,Sunrise Point,Unknown,1.0,4.5,0,No,,Nature,Yes,0.025,All,"Famous for Kolkata, the Sundarbans, and cultural festivals.",88.263176,27.0377554,1.0,https://encrypted-tbn0.gstatic.com/images?q=tbn:ANd9GcRs_EEQtUvLB8x5XKnN0_5oXAdOTNcn_oQwWP_UZ-YwQdpAbfFMAZJsHst8pEc&s
216,216,216,Eastern,West Bengal,Siliguri,Jaldapara National Park,Wildlife Sanctuary,1941,3.0,4.4,250,Yes,,Wildlife,Yes,0.035,All,"Famous for Kolkata, the Sundarbans, and cultural festivals.",88.4309916,26.7164127,1.0,https://encrypted-tbn0.gstatic.com/images?q=tbn:ANd9GcRW_ddiU6LHnBpaEETRjjQCTlwq-xBmxq3RRM708CKuOX-KPnCmX_rodJPzoQ&s
217,217,217,Eastern,West Bengal,Sundarbans,Sundarbans National Park,National Park,1984,4.0,4.4,60,No,,Wildlife,Yes,0.065,All,"Famous for Kolkata, the Sundarbans, and cultural festivals.",88.68731611,22.03158805,21.0,https://encrypted-tbn0.gstatic.com/images?q=tbn:ANd9GcTJ3CKvvURr9jdx0HVyqct4bh9AvS3KLaFW7r7DQ7FsowzgNewJisWn9pgTQEk&s
218,218,218,Eastern,West Bengal,Digha,Digha Beach,Beach,Unknown,1.5,4.5,0,No,,Recreational,Yes,0.09,Morning,"Famous for Kolkata, the Sundarbans, and cultural festivals.",87.5082534,21.623077,21.0,https://encrypted-tbn0.gstatic.com/images?q=tbn:ANd9GcRq3TqvxHH_w_1c6bMe2uVW4b7rkvWwVmwr2mWKdebtNQwSnRzA-nWEBBS4EA&s
219,219,219,Eastern,West Bengal,Murshidabad,Hazarduari Palace,Palace,1837,1.5,4.5,10,Yes,Friday,Historical,Yes,0.18,Morning,"Famous for Kolkata, the Sundarbans, and cultural festivals.",88.36638821,24.2905278,11.0,https://encrypted-tbn0.gstatic.com/images?q=tbn:ANd9GcQJY7NjJl2Wze2aN8pMNL2k84KkMkZZcZjeHiPDUkp5Lb398NRRgQI2C82pUQ&s
220,220,220,Eastern,West Bengal,Bolpur,Kankalitala Temple,Temple,Unknown,0.5,4.7,0,Yes,,Religious,No,0.045,All,"Famous for Kolkata, the Sundarbans, and cultural festivals.",87.6962424,23.661154,24.0,https://encrypted-tbn0.gstatic.com/images?q=tbn:ANd9GcS0Ftum1GOHrgvA-qAmbLu4wDXUIdJJaXo7gvzd3_YVbIARisPhO9J5KEAknkQ&s
221,221,221,Eastern,West Bengal,Hooghly,Hangseswari Temple,Temple,1814,0.5,4.6,0,Yes,,Architectural,No,0.07,All,"Famous for Kolkata, the Sundarbans, and cultural festivals.",88.01208247,22.90994025,4.0,https://encrypted-tbn0.gstatic.com/images?q=tbn:ANd9GcSjvZH2lQlq8pKzrEaxtCiZ7Gj4xh_JGci9YFNVEcW3N73DoABW0OhNcy0swA&s
222,222,222,Eastern,West Bengal,Jalpaiguri,Gorumara National Park,National Park,1949,3.0,4.4,100,Yes,,Wildlife,Yes,0.07,All,"Famous for Kolkata, the Sundarbans, and cultural festivals.",88.73344852,26.62628045,17.0,https://encrypted-tbn0.gstatic.com/images?q=tbn:ANd9GcQP4DSqLJBZX6ryEC1ilJjrpsvDM924Cv-CooHDEOIpTRJ6-PJWKWZxqBXZ3A&s
223,223,223,Eastern,West Bengal,Cooch Behar,Cooch Behar Palace,Palace,1887,1.0,4.5,20,Yes,Friday,Historical,Yes,0.09,All,"Famous for Kolkata, the Sundarbans, and cultural festivals.",89.42011428,26.2559197,17.0,https://encrypted-tbn0.gstatic.com/images?q=tbn:ANd9GcTH0mfHop8l3yUzIzaQm-9NE5sAa0zRGTtdh0bMYz0e1plBbSvbBapwOyvoKw&s
224,224,224,Eastern,West Bengal,Purulia,Ayodhya Hills,Hill,Unknown,2.5,4.5,0,No,,Nature,Yes,0.15,All,"Famous for Kolkata, the Sundarbans, and cultural festivals.",86.32289877,23.2020967,4.0,https://encrypted-tbn0.gstatic.com/images?q=tbn:ANd9GcTYjEr5pSbnMhnBJBATU4vrxlRMAd9qAXZwmlYdP3f04dl0f1yqRHEaPySKUQ&s
225,225,225,Eastern,Odisha,Puri,Jagannath Temple,Temple,12th century,2.0,4.7,0,Yes,,Religious,No,1.0,All,"Known for its temples, especially the Sun Temple at Konark.",85.68532946,19.83430655,22.0,https://encrypted-tbn0.gstatic.com/images?q=tbn:ANd9GcTskwPC-wj8C3-lgRlwnp_IolT0UJaaVmekNpYC4Z_-B4WmFPCPcXCdxmadmgY&s
226,226,226,Eastern,Odisha,Konark,Sun Temple,Temple,1250,1.5,4.7,40,Yes,,Historical,Yes,0.83,All,"Known for its temples, especially the Sun Temple at Konark.",86.14201945,19.90742915,22.0,https://encrypted-tbn0.gstatic.com/images?q=tbn:ANd9GcRbglm6JV722DQ6pgQOMREik6bNRIAukI1jfQe9iTUlS6g0-A_TyIbHNygpcOQ&s
227,227,227,Eastern,Odisha,Bhubaneswar,Lingaraj Temple,Temple,11th century,1.0,4.6,0,Yes,,Religious,No,0.35,All,"Known for its temples, especially the Sun Temple at Konark.",85.8394521,20.2602964,7.0,https://encrypted-tbn0.gstatic.com/images?q=tbn:ANd9GcRF_criiZNM7WmaQad2IGoSX2JNPo5Lc_yOVPP01WzTjwfcrOgl4p3LLsboU1s&s
228,228,228,Eastern,Odisha,Rourkela,Khandadhar Waterfall,Waterfall,Unknown,1.5,4.5,0,No,,Nature,Yes,1.2,All,"Known for its temples, especially the Sun Temple at Konark.",84.85775201,22.2539994,15.0,https://encrypted-tbn0.gstatic.com/images?q=tbn:ANd9GcRy5H2RJ5Zm8SzW3rD1UjDshlYeC6f2PotbVx2rn-1CTNIqQgYJbvoEVrCDW2g&s
229,229,229,Eastern,Odisha,Cuttack,Barabati Fort,Fort,-987,1.0,4.5,0,Yes,,Historical,Yes,0.13,All,"Known for its temples, especially the Sun Temple at Konark.",85.46972564,20.3700655,7.0,https://encrypted-tbn0.gstatic.com/images?q=tbn:ANd9GcQ9RGPc-6MTL35c2Oxe9LoQ1EmKSZGtJgPlXfb0fGjNN94h1OyzY6fcau8x-VE&s
230,230,230,Eastern,Odisha,Sambalpur,Hirakud Dam,Dam,1957,1.0,4.5,0,No,,Engineering Marvel,Yes,0.01,All,"Known for its temples, especially the Sun Temple at Konark.",84.15285151,21.5570606,21.0,https://encrypted-tbn0.gstatic.com/images?q=tbn:ANd9GcS11v1MaMh1Rnnp-Fcquz45bRek-1U_6MgI1mEXZmSNqmMoEpZz-3qs6h-DkA&s
231,231,231,Eastern,Odisha,Chilika,Chilika Lake,Lake,Unknown,2.0,3.9,0,Yes,,Nature,Yes,0.1,Morning,"Known for its temples, especially the Sun Temple at Konark.",85.25036969,19.6853207,22.0,https://encrypted-tbn0.gstatic.com/images?q=tbn:ANd9GcTDTpAa62paJ2P5BJpAED99LziXCAxoYqpFbselPCID4qkPgeJ5geqtsI_qyg&s
232,232,232,Eastern,Odisha,Berhampur,Tara Tarini Temple,Temple,Ancient,1.0,4.6,0,Yes,,Religious,No,0.01,All,"Known for its temples, especially the Sun Temple at Konark.",86.63272983,21.49308515,21.0,https://encrypted-tbn0.gstatic.com/images?q=tbn:ANd9GcTWHiNzEEir62DpiRNLzy2vCY456HkOpiGCg7qiE2Z8Ez4BXem8Dh--7L2PLQ&s
233,233,233,Eastern,Odisha,Keonjhar,Badaghagara Waterfall,Waterfall,Unknown,1.0,4.3,0,No,,Nature,Yes,0.018,Morning,"Known for its temples, especially the Sun Temple at Konark.",85.5,21.5,21.0,https://encrypted-tbn0.gstatic.com/images?q=tbn:ANd9GcR4Qf8daJtUxD8eskkB4StcpfMRZIbiPUIf_I6-plNok7JGHcl9RZJjtZGd6Q&s
234,234,234,Eastern,Odisha,Balasore,Chandipur Beach,Beach,Unknown,1.5,4.2,0,Yes,,Recreational,Yes,0.014,Morning,"Known for its temples, especially the Sun Temple at Konark.",86.919884,21.5006421,21.0,https://encrypted-tbn0.gstatic.com/images?q=tbn:ANd9GcTvDMtFL3YsGUxscIjV6vWa1g7XIWdddVikX1tb2t17e9Zdt1E38_g40OYouoY&s
235,235,235,Eastern,Odisha,Kendujhar,Sanaghagara Waterfall,Waterfall,Unknown,1.0,4.4,0,No,,Nature,Yes,0.055,All,"Known for its temples, especially the Sun Temple at Konark.",85.66878414,21.5892323,21.0,https://encrypted-tbn0.gstatic.com/images?q=tbn:ANd9GcQu4T3KUtruNDcU0R4fqxQSgoKgcD3P8_hAlcqOMVPkwaUhP160yg9_d-YJZQ&s
236,236,236,Southern,Tamil Nadu,Chennai,Marina Beach,Beach,Unknown,1.5,3.9,0,Yes,,Recreational,Yes,0.1,Morning,Famous for its Dravidian temples and cultural heritage.,80.270186,13.0836939,18.0,https://encrypted-tbn0.gstatic.com/images?q=tbn:ANd9GcSUmY93MzKkHm5-dwRe6oeSL_Ow9DI6ol04yLsALFEy4zc0r1a36WOeOBrU4kE&s
237,237,237,Southern,Tamil Nadu,Madurai,Meenakshi Amman Temple,Temple,6th century AD,2.0,4.7,0,Yes,,Religious,No,0.65,All,Famous for its Dravidian temples and cultural heritage.,78.1140983,9.9261153,5.0,https://encrypted-tbn0.gstatic.com/images?q=tbn:ANd9GcQcg3cDw-VaeLp6383HqntpP3scjvygcX8WE8p4dBS43kACRy1RcAMH_4aT6Q&s
238,238,238,Southern,Tamil Nadu,Rameswaram,Ramanathaswamy Temple,Temple,12th century,1.5,4.6,0,No,,Religious,No,0.01,All,Famous for its Dravidian temples and cultural heritage.,79.3125553,9.2844657,13.0,https://encrypted-tbn0.gstatic.com/images?q=tbn:ANd9GcQxO2l0oYAVAgVZoJPjwkw0hFMDUIOlw4TjPs7olg_PYjW93TQu1Xfg-N8uGw&s
239,239,239,Southern,Tamil Nadu,Kanyakumari,Vivekananda Rock Memorial,Memorial,1970,1.0,4.6,20,Yes,,Historical,No,0.47,Morning,Famous for its Dravidian temples and cultural heritage.,77.5499338,8.079252,13.0,https://encrypted-tbn0.gstatic.com/images?q=tbn:ANd9GcTdRGpL_HiIFOVg3HjYMgsM983DUAoqAzoP88txnPjDmbTks2F2EA9dmwjDKw&s
240,240,240,Southern,Tamil Nadu,Ooty,Ooty Lake,Lake,1824,1.0,4.1,10,Yes,,Recreational,Yes,0.61,Morning,Famous for its Dravidian temples and cultural heritage.,76.7030504,11.4126769,2.0,https://encrypted-tbn0.gstatic.com/images?q=tbn:ANd9GcTvQVBoPUEbqNfK88Stze57BpI8ILWKDNH3raSCdmKgBPgFLBp_IJGWoUkTKhk&s
241,241,241,Southern,Tamil Nadu,Coimbatore,Marudamalai Temple,Temple,12th century,1.0,4.7,0,Yes,,Religious,No,0.3,All,Famous for its Dravidian temples and cultural heritage.,76.9628425,11.0018115,14.0,https://encrypted-tbn0.gstatic.com/images?q=tbn:ANd9GcRIKLx468mnRvKdWTIB4TlMb3c2pvzjEfdGOcxbHws41CwsNDmcpr5rd9qTUg&s
242,242,242,Southern,Tamil Nadu,Kodaikanal,Kodaikanal Lake,Lake,1863,2.0,3.9,0,No,,Recreational,Yes,0.1,Morning,Famous for its Dravidian temples and cultural heritage.,77.4919719,10.233712,5.0,https://encrypted-tbn0.gstatic.com/images?q=tbn:ANd9GcQMfshKd8NzVT_4AHaM77p2TLcMbW6ok69-RYjuNU987M6JmdosGM9HrEK1yHo&s
243,243,243,Southern,Tamil Nadu,Thanjavur,Brihadeeswarar Temple,Temple,110,1.5,4.8,0,Yes,,Religious,No,0.35,All,Famous for its Dravidian temples and cultural heritage.,79.20142776,10.65903695,14.0,https://encrypted-tbn0.gstatic.com/images?q=tbn:ANd9GcTLNkvBZu0HFXyLOFrGMjIK5X4ZJYqWcB_kqMXSi3GSWw-q4rdZwk6YorpY4w&s
244,244,244,Southern,Tamil Nadu,Mahabalipuram,Shore Temple,Temple,7th century,1.0,4.6,40,Yes,,Historical,No,0.09,All,Famous for its Dravidian temples and cultural heritage.,80.1936497,12.6195981,18.0,https://encrypted-tbn0.gstatic.com/images?q=tbn:ANd9GcSSWYFRTeyCYoXXTbhxvl8FmAaqMzQEq6rvDBvMz5TX0BlIkURphkpx9xCKd0o&s
245,245,245,Southern,Tamil Nadu,Yercaud,Yercaud Lake,Lake,Unknown,1.0,4.2,0,No,,Recreational,Yes,0.019,Morning,Famous for its Dravidian temples and cultural heritage.,78.2075392,11.7852074,2.0,https://encrypted-tbn0.gstatic.com/images?q=tbn:ANd9GcSL1xZUT6YwIuD7-VbLaed6SnqU-pyoncQTYhD-BonKqG0asEUJ9cFWMymkkD4&s
246,246,246,Southern,Tamil Nadu,Tirunelveli,Nellaiappar Temple,Temple,7th century,1.0,4.6,0,Yes,,Religious,No,0.16,All,Famous for its Dravidian temples and cultural heritage.,77.8114843,8.8082342,13.0,https://encrypted-tbn0.gstatic.com/images?q=tbn:ANd9GcTybZq7dXX7mK0Oa3JKvAtWXwqlYM1pfG64-IeEowuE5usWUBirQzaJCBAsQGI&s
247,247,247,Southern,Tamil Nadu,Chidambaram,Nataraja Temple,Temple,10th century,1.0,4.7,0,Yes,,Religious,No,0.28,All,Famous for its Dravidian temples and cultural heritage.,79.6909383,11.3994826,2.0,https://encrypted-tbn0.gstatic.com/images?q=tbn:ANd9GcQ5tP1a0fud1A-B5bs8jzULGUltH0yWPT7ZpW8OScF7-Hhg3_3fwN-U39kjRmk&s
248,248,248,Southern,Andhra Pradesh,Vijayawada,Kanaka Durga Temple,Temple,Unknown,1.0,4.7,0,Yes,,Religious,No,0.44,All,"Known for its sacred temples, beaches, and spicy cuisine.",80.6185089,16.5087573,8.0,https://encrypted-tbn0.gstatic.com/images?q=tbn:ANd9GcR_GS1wcTiw8WnKM4BVf0uvPiN5WGTk_oJ3Ay9nAW76CKafb8CI-EIOT_WcqQk&s
249,249,249,Southern,Andhra Pradesh,Visakhapatnam,Rishikonda Beach,Beach,Unknown,1.5,4.5,0,Yes,,Recreational,Yes,0.39,Morning,"Known for its sacred temples, beaches, and spicy cuisine.",83.3012842,17.7231276,0.0,https://encrypted-tbn0.gstatic.com/images?q=tbn:ANd9GcRY9nU_IrbQNub9lId9k2fu2k3-d0ot8PJD2Akscwx4y9Eu1_i6HcbbxGaxn3Q&s
250,250,250,Southern,Andhra Pradesh,Srisailam,Mallikarjuna Swamy Temple,Temple,14th century,1.0,4.7,0,No,,Religious,No,0.49,All,"Known for its sacred temples, beaches, and spicy cuisine.",78.8727065,16.0737808,8.0,https://encrypted-tbn0.gstatic.com/images?q=tbn:ANd9GcTOefolqpOWXQmw_mJBN2IMeZRVHBOWKGmSZYpF20kCMDz65HyPIUAdtD9Lt7Y&s
251,251,251,Southern,Andhra Pradesh,Rajahmundry,Papikondalu,Hill,Unknown,2.0,4.3,0,Yes,,Nature,Yes,0.032,All,"Known for its sacred temples, beaches, and spicy cuisine.",81.7804732,17.0050454,0.0,https://encrypted-tbn0.gstatic.com/images?q=tbn:ANd9GcTn_Osb90qHDC5wb-6lI6IMwmI05AZM4Vr-HXY7gHiLLqMLYNSPSgQO4mI7bKY&s
252,252,252,Southern,Andhra Pradesh,Anantapur,Lepakshi,Site,16th century,1.5,4.6,0,No,,Historical,Yes,0.075,All,"Known for its sacred temples, beaches, and spicy cuisine.",77.43067381,14.72421995,19.0,https://encrypted-tbn0.gstatic.com/images?q=tbn:ANd9GcT6c7ePoXOeSgsI4sjOwdiOsH-fiMwOvufnpWdRJRJTAdslZdcS8zjU6SO79Bs&s
253,253,253,Southern,Andhra Pradesh,Kurnool,Belum Caves,Cave,Unknown,1.5,4.4,65,Yes,,Natural Wonder,Yes,0.11,Afternoon,"Known for its sacred temples, beaches, and spicy cuisine.",77.55425904,15.54788035,8.0,https://encrypted-tbn0.gstatic.com/images?q=tbn:ANd9GcTkqwpgow836dedhU0UiFdI901kmEHbC51yNTDVRaObQ0kR3OdPmT2JHRAdVrg&s
254,254,254,Southern,Andhra Pradesh,Amravati,Amaravathi Temple,Temple,Unknown,1.0,4.7,0,Yes,,Religious,No,0.041,All,"Known for its sacred temples, beaches, and spicy cuisine.",77.64429618,21.15454115,21.0,https://encrypted-tbn0.gstatic.com/images?q=tbn:ANd9GcThuL55Mdv1sJJNF-q8BRjg0UXfS5cadTgiizZ37qzlJ5b5_aq7_nwG0HQFi5E&s
255,255,255,Southern,Andhra Pradesh,Guntur,Uppalapadu Bird Sanctuary,Bird Sanctuary,Unknown,1.0,4.4,10,Yes,,Wildlife,Yes,0.7,All,"Known for its sacred temples, beaches, and spicy cuisine.",80.4541588,16.2915189,8.0,https://encrypted-tbn0.gstatic.com/images?q=tbn:ANd9GcQF6NSggIYDqu83CVheA3sdRaXZ0MWi5-HQFvxkv7ahoQjTNUJhMWExIuKZpg&s
256,256,256,Southern,Andhra Pradesh,Kadapa,Gandikota Fort,Fort,12th century,1.5,4.5,0,No,,Historical,Yes,0.015,Morning,"Known for its sacred temples, beaches, and spicy cuisine.",78.8216861,14.4752936,19.0,https://encrypted-tbn0.gstatic.com/images?q=tbn:ANd9GcSN5aD7LWlURDE3bOV0T6nbxLmlcLqm5mE0Sm5a5fNFl2hm7b2O2vqGjJjCIHY&s
257,257,257,Southern,Andhra Pradesh,Puttaparthi,Prasanthi Nilayam,Spiritual Center,1950,1.0,4.7,0,Yes,,Religious,Yes,0.12,All,"Known for its sacred temples, beaches, and spicy cuisine.",77.8124982,14.1636778,19.0,https://encrypted-tbn0.gstatic.com/images?q=tbn:ANd9GcTFY5hxSbHTrCxZYndsI3AUzbTLVw1v0sx6vtuygPCj9Z9oiVoFCV1hoYhG-A&s
258,258,258,Southern,Andhra Pradesh,Vizianagaram,Simhachalam Temple,Temple,198,1.0,4.7,0,Yes,,Religious,No,0.59,All,"Known for its sacred temples, beaches, and spicy cuisine.",83.3979562,18.1139259,0.0,https://encrypted-tbn0.gstatic.com/images?q=tbn:ANd9GcSgm_NXyA3TAw2FwZ0hZ8Hfj9x6-YmbMTvBjK7c6VzsvUGfDTtIiCwblOq6n_g&s
259,259,259,Southern,Andhra Pradesh,Visakhapatnam,Kailasagiri,Hill,Unknown,2.0,4.5,0,Yes,,Recreational,Yes,0.019,All,"Known for its sacred temples, beaches, and spicy cuisine.",83.3012842,17.7231276,0.0,https://encrypted-tbn0.gstatic.com/images?q=tbn:ANd9GcRVwkD8Rr2BK1cQwAonhhhSUXqU5ehvUg_k0Y0xyCm2ESqWwwmkds9uDrdpgAM&s
260,260,260,Southern,Andhra Pradesh,Visakhapatnam,Submarine Museum,Museum,22,1.0,4.6,40,Yes,,Historical,Yes,0.49,All,"Known for its sacred temples, beaches, and spicy cuisine.",83.3012842,17.7231276,0.0,https://encrypted-tbn0.gstatic.com/images?q=tbn:ANd9GcQAlG92_mbiU9_6sM6xM6xPjV8idBf_WmnyJ1qOq5vXh-SSWrVCEjCJmgBRQYI&s
261,261,261,Southern,Andhra Pradesh,Visakhapatnam,Borra Caves,Cave,Unknown,2.0,4.5,60,No,,Natural Wonder,Yes,0.31,Afternoon,"Known for its sacred temples, beaches, and spicy cuisine.",83.3012842,17.7231276,0.0,https://encrypted-tbn0.gstatic.com/images?q=tbn:ANd9GcQawRP1kN2QSdjraEt0DRG9CFxpTfVMyy9l5KjacHyM_6Ifi1iPzjAT1Gs_Eg&s
262,262,262,Southern,Andhra Pradesh,Visakhapatnam,War Memorial,War Memorial,Unknown,1.0,4.6,0,Yes,,Historical,Yes,0.059,All,"Known for its sacred temples, beaches, and spicy cuisine.",83.3012842,17.7231276,0.0,https://encrypted-tbn0.gstatic.com/images?q=tbn:ANd9GcTOQ4kkhSNmk4bZgruzJM9v2m1fO57Kv6TZl9jucGRCjZPwdYxFuzUS01H-xA&s
263,263,263,Southern,Andhra Pradesh,Visakhapatnam,Indira Gandhi Zoological Park,Zoo,1977,2.0,4.1,20,Yes,Monday,Wildlife,Yes,0.25,Afternoon,"Known for its sacred temples, beaches, and spicy cuisine.",83.3012842,17.7231276,0.0,https://encrypted-tbn0.gstatic.com/images?q=tbn:ANd9GcQ_bxOM6mrywTaHZYKDNOvgrMgucJmcZ8hfP_d5Tm2o0PndmHBHjMy0VU0A3Q&s
264,264,264,Southern,Andhra Pradesh,Visakhapatnam,Matsyadarshini Aquarium,Aquarium,Unknown,1.0,3.8,20,Yes,,Recreational,Yes,0.03,All,"Known for its sacred temples, beaches, and spicy cuisine.",83.3012842,17.7231276,0.0,https://encrypted-tbn0.gstatic.com/images?q=tbn:ANd9GcSUh5u5cLsS0mAZwmvTwseDNbwhXLe8ai6zMIbongdgrLFLzTE4Y0BI5Kr-Gw&s
265,265,265,Southern,Andhra Pradesh,Visakhapatnam,Visakha Museum,Museum,1991,1.0,4.3,10,Yes,,Cultural,Yes,0.065,All,"Known for its sacred temples, beaches, and spicy cuisine.",83.3012842,17.7231276,0.0,https://encrypted-tbn0.gstatic.com/images?q=tbn:ANd9GcQaRr3HOCX3M7kZSrYC2JKRm_zNaRtTB18daGPrVRbea_U4DVPw4zLfq3IEyg&s
266,266,266,Eastern,Sikkim,Gangtok,Nathula Pass,Hill,Unknown,2.0,4.3,20,Yes,,Historical,Yes,0.15,Afternoon,Known for its stunning landscapes and Buddhist monasteries.,88.6122673,27.329046,20.0,https://encrypted-tbn0.gstatic.com/images?q=tbn:ANd9GcRSn0ViYpkFVZz9ulstDmTJy7Akq1fJBaDOZx_D0YSpAgg5LpEOUfYuoPObFWw&s
267,267,267,Eastern,Sikkim,Pelling,Pemayangtse Monastery,Monastery,1705,1.0,4.6,20,No,,Religious,No,0.015,Morning,Known for its stunning landscapes and Buddhist monasteries.,88.2356503,27.3003722,20.0,https://encrypted-tbn0.gstatic.com/images?q=tbn:ANd9GcTsA40rpLWIo2fcp2NNFWup-zWJdSH7id5RG6sOdKjIld98VcHTHEwOvTC8q6w&s
268,268,268,Eastern,Sikkim,Namchi,Char Dham,Religious Complex,211,2.0,4.7,50,Yes,,Religious,No,0.12,All,Known for its stunning landscapes and Buddhist monasteries.,88.37859609,27.3031019,20.0,https://encrypted-tbn0.gstatic.com/images?q=tbn:ANd9GcTuR-yca9Cja69HsKnpcnoXGbGrt1sxG82lZ8UVcoirQPRDg8BoLq3Yv-MdeQ&s
269,269,269,Eastern,Sikkim,Gangtok,Rumtek Monastery,Monastery,1960s,1.0,4.6,10,Yes,,Religious,No,0.035,Morning,Known for its stunning landscapes and Buddhist monasteries.,88.6122673,27.329046,20.0,https://encrypted-tbn0.gstatic.com/images?q=tbn:ANd9GcQ3tiGp2Ed1ccoo2oSOIkHM08kbWSeRhOxZfSJz7wrnM5H_2siDd-8Bl3o3fEE&s
270,270,270,Eastern,Sikkim,Ravangla,Buddha Park,Park,213,1.0,4.8,50,Yes,,Cultural,Yes,0.1,All,Known for its stunning landscapes and Buddhist monasteries.,88.3644723,27.3051271,20.0,https://encrypted-tbn0.gstatic.com/images?q=tbn:ANd9GcTksva_9PuylcJ0OW5pL0Nm59AkhgkuZPjHuUpDtLDgE4HyWyx4z5qznz_7oAE&s
271,271,271,Eastern,Sikkim,Gangtok,Baba Harbhajan Singh Temple,Temple,1967,1.0,4.7,0,Yes,,Religious,No,0.075,All,Known for its stunning landscapes and Buddhist monasteries.,88.6122673,27.329046,20.0,https://encrypted-tbn0.gstatic.com/images?q=tbn:ANd9GcQhqLtUSqCJCeOlzLHJzSFf-E_ELRQU1y7C-gIg2kR_PX7MvEVRj2SB-GCkGZs&s
272,272,272,Eastern,Sikkim,Gangtok,Tsomgo Lake,Lake,Unknown,2.0,4.5,0,Yes,,Nature,Yes,0.15,Morning,Known for its stunning landscapes and Buddhist monasteries.,88.6122673,27.329046,20.0,https://encrypted-tbn0.gstatic.com/images?q=tbn:ANd9GcTnhymTZfc9A0OJnSyAEOSqheQUaVphSp0HETjlMUAtfIn2Qbg0d7nsjsuzE3U&s
273,273,273,North Eastern,Assam,Guwahati,Kamakhya Temple,Temple,Unknown,2.0,4.6,0,Yes,,Religious,No,0.21,All,"Famous for its tea gardens, wildlife, and the Brahmaputra River.",91.753943,26.1805978,17.0,https://encrypted-tbn0.gstatic.com/images?q=tbn:ANd9GcTBNZCwLLR7fNP56Yq3eSbJQf3H9lnB7WrXWLuTgE9nyd0YM9PQNlChrkMOdSk&s
274,274,274,North Eastern,Assam,Kaziranga,Kaziranga National Park,National Park,1905,3.0,4.5,650,No,,Wildlife,No,0.068,Morning,"Famous for its tea gardens, wildlife, and the Brahmaputra River.",93.4084741,26.5892533,17.0,https://encrypted-tbn0.gstatic.com/images?q=tbn:ANd9GcTXetQ8sJQRHt-kVw9Tu1xp1GsKe1Q2RtF34dOFkFgHOT2i66o8Rdr5MsCYET8&s
275,275,275,North Eastern,Assam,Guwahati,Umananda Island,Island,Unknown,1.0,4.1,0,Yes,,Nature,Yes,0.01,Morning,"Famous for its tea gardens, wildlife, and the Brahmaputra River.",91.753943,26.1805978,17.0,https://encrypted-tbn0.gstatic.com/images?q=tbn:ANd9GcR2YCNsNsZlSgWKqhsGdVe5izol7bs-yXciw2fXYmjygXzTvTnid8hI1BYd4A&s
276,276,276,North Eastern,Assam,Sivasagar,Sivasagar Sivadol,Temple,1734,1.0,4.7,0,No,,Historical,Yes,0.065,All,"Famous for its tea gardens, wildlife, and the Brahmaputra River.",94.6394226,26.9834936,1.0,https://encrypted-tbn0.gstatic.com/images?q=tbn:ANd9GcR9tR6CYc2S130hR9HS1-ee3ZCrhux9eYq8Bxflh76PzywYET18fIyzrnlPOZ8&s
277,277,277,North Eastern,Assam,Majuli,Majuli Island,River Island,Unknown,2.0,4.7,0,No,,Cultural,Yes,0.01,Morning,"Famous for its tea gardens, wildlife, and the Brahmaputra River.",94.32742303,27.02195285,1.0,https://encrypted-tbn0.gstatic.com/images?q=tbn:ANd9GcShtW3UjRBiCWN9_vDGxqn5J7HfAGmnsMDzp2Aqz0AOlRJ303X0fjUMXLPP_A&s
278,278,278,North Eastern,Assam,Manas,Manas National Park,National Park,1990,3.0,4.6,500,No,,Wildlife,Yes,0.19,Morning,"Famous for its tea gardens, wildlife, and the Brahmaputra River.",73.51575428,24.32410455,11.0,https://encrypted-tbn0.gstatic.com/images?q=tbn:ANd9GcSBpPnm5f1Zd0e3bjY6lCBs4zFXweN_F_3-PlENA0a0m89WYC5lw9_aP-vlRg&s
279,279,279,North Eastern,Assam,Hajo,Hayagriva Madhava Temple,Temple,Unknown,1.0,4.5,0,No,,Religious,Yes,0.9,All,"Famous for its tea gardens, wildlife, and the Brahmaputra River.",91.54234804,26.23597655,17.0,https://encrypted-tbn0.gstatic.com/images?q=tbn:ANd9GcQeJeUKpE5e1rOK7cCBdUZD1EIcsnAd_Z7CMW3Fpr9PtgDgPqnbIRI96CeKLn4&s
280,280,280,North Eastern,Assam,Guwahati,Pobitora Wildlife Sanctuary,Wildlife Sanctuary,1987,2.0,4.4,500,Yes,,Wildlife,Yes,0.037,All,"Famous for its tea gardens, wildlife, and the Brahmaputra River.",91.753943,26.1805978,17.0,https://encrypted-tbn0.gstatic.com/images?q=tbn:ANd9GcShfzhpnMB2tzYliMhFGKx_eDUslU26B_a-iMdqGjMw8xCk3KIVnCmc5Tc7oWU&s
281,281,281,North Eastern,Arunachal Pradesh,Tawang,Tawang Monastery,Monastery,1680,2.0,4.7,0,No,,Religious,No,0.032,Morning,The Land of the Rising Sun with lush valleys and monasteries.,91.863733,27.5879186,20.0,https://encrypted-tbn0.gstatic.com/images?q=tbn:ANd9GcTg4_lI5PfozaDaxalLFrUNA0IRkwU8vleN1HNcwrOXsYiYy--NQXVBWQCTfQ&s
282,282,282,North Eastern,Tripura,Agartala,Ujjayanta Palace,Palace,1901,1.5,4.5,10,Yes,Monday,Historical,Yes,0.035,All,Known for its palaces and diverse tribal culture.,91.2823821,23.8312377,24.0,https://encrypted-tbn0.gstatic.com/images?q=tbn:ANd9GcRdGXiXNT_fo11XeiTVeWzP6Lyouj2o13g1Bu5CXwYbLabg4hCbS_3yz5d55Qg&s
283,283,283,North Eastern,Tripura,Dumboor,Dumboor Lake,Lake,Unknown,1.0,4.5,0,No,,Nature,Yes,0.01,Morning,Known for its palaces and diverse tribal culture.,91.83818815,23.47363145,24.0,https://encrypted-tbn0.gstatic.com/images?q=tbn:ANd9GcQZljPCLw9hwwu3gWV1tuNNEMdeZiEwpH_wuHSxamvFN3u44SrLrshdFfGBvw&s
284,284,284,North Eastern,Tripura,Unakoti,Unakoti Rock Carvings,Rock Carvings,700,1.5,4.5,20,No,,Historical,Yes,0.025,Morning,Known for its palaces and diverse tribal culture.,92.04604831,24.19098485,11.0,https://encrypted-tbn0.gstatic.com/images?q=tbn:ANd9GcSDHNKzAduxU4KuzN6Yw03swt6l3xsJyNFcYl7TSBziaUiqR4RKJZ8U78BP-g&s
285,285,285,Central,Chhattisgarh,Bastar,Chitrakote Falls,Waterfall,Unknown,1.5,4.6,0,No,,Nature,Yes,0.19,Morning,"Known for its dense forests, waterfalls, and tribal culture.",81.82918649,19.11912825,12.0,https://encrypted-tbn0.gstatic.com/images?q=tbn:ANd9GcRpRvSSCspx1gwTEAykcv9I4Qmr3-ipZTKB7VMLiaadQ3qCXm2MT6bzeAukOw&s
286,286,286,North Eastern,Nagaland,Dzükou Valley,Dzükou Valley,Valley,Unknown,3.0,4.7,0,No,,Trekking,Yes,0.01,Afternoon,Famous for its tribal culture and the Hornbill Festival.,94.1215991,25.5514981,16.0,https://encrypted-tbn0.gstatic.com/images?q=tbn:ANd9GcQgT9ZBxbUpLtu3R599bTmpot3jX9UBGPZtENCrOdS23qwfv7MdtgQ8WA099g&s
287,287,287,Southern,Puducherry,Puducherry,Promenade Beach,Beach,Unknown,1.0,4.5,0,Yes,,Recreational,Yes,0.09,Morning,French colonial heritage town with beaches and spiritual retreats.,79.8069488,10.91564885,14.0,https://encrypted-tbn0.gstatic.com/images?q=tbn:ANd9GcRtuBwu_1sF6Iq3fptTRq923Cpn0yai1GARhsfge1qscatt-Q5CpYHXTqbZkw&s
288,288,288,Southern,Puducherry,Auroville,Auroville,Township,1968,2.0,4.1,0,Yes,,Cultural,Yes,0.035,All,French colonial heritage town with beaches and spiritual retreats.,79.8099471,12.0073927,2.0,https://encrypted-tbn0.gstatic.com/images?q=tbn:ANd9GcRBZyp0u2hEVC9XWRimku1l5hwl9OfUkDAGQhxeJszd6cu__WnPqf_68-f2jqM&s
289,289,289,Southern,Puducherry,Puducherry,Paradise Beach,Beach,Unknown,1.0,4.5,200,Yes,,Recreational,Yes,0.015,Morning,French colonial heritage town with beaches and spiritual retreats.,79.8069488,10.91564885,14.0,https://encrypted-tbn0.gstatic.com/images?q=tbn:ANd9GcQMI_Bloqh7nolB6QAzjYCRr1lZgFapycrrMFGIJ6WfVOQErULl8oi9n0tVLsk&s
290,290,290,Southern,Andaman and Nicobar Islands,Port Blair,Cellular Jail,Landmark,1906,1.5,4.7,30,Yes,Monday,Historical,Yes,0.12,Afternoon,Tropical paradise known for beaches and marine life.,92.7390448,11.6645348,2.0,https://encrypted-tbn0.gstatic.com/images?q=tbn:ANd9GcRFPHdmOlc5fUqu29g6KW-Ccf_t7JUwcBWsXKjs_STvVAJc-VAjd0ZicFmqHg&s
291,291,291,Southern,Andaman and Nicobar Islands,Havelock Island,Radhanagar Beach,Beach,Unknown,1.0,4.8,0,No,,Nature,Yes,0.09,Morning,Tropical paradise known for beaches and marine life.,92.99562115,11.9651954,2.0,https://encrypted-tbn0.gstatic.com/images?q=tbn:ANd9GcSvcB3qId9oHVoCl3nqozRALVXPV71oq1ZBk1BoWjYjGB19TcHbOrjEb_wmkXo&s
292,292,292,Southern,Andaman and Nicobar Islands,Neil Island,Bharatpur Beach,Beach,Unknown,1.0,4.5,0,No,,Nature,Yes,0.04,Morning,Tropical paradise known for beaches and marine life.,93.04193024,11.83137395,2.0,https://encrypted-tbn0.gstatic.com/images?q=tbn:ANd9GcQyd_NpDErI-O4UrSoEmqIXJc9KCtgfxDjPMxvCcSzZYe8uUimOQTBJrW3V-g&s
293,293,293,Southern,Andaman and Nicobar Islands,Baratang Island,Limestone Caves,Natural Feature,Unknown,1.5,4.4,250,No,,Nature,Yes,0.015,Morning,Tropical paradise known for beaches and marine life.,92.81103514,12.1883182,2.0,https://encrypted-tbn0.gstatic.com/images?q=tbn:ANd9GcQxVeZGSjqyGQVOE-Kyqjw0G3WoXZHyM-z8x5TFj8LXMZsE-_NoM7jF8Pzlk7M&s
294,294,294,Western,Daman and Diu,Diu,Naida Caves,Cave,Unknown,1.0,4.5,0,No,,Nature,Yes,0.6,Afternoon,Known for beaches and colonial history.,70.93238341,20.71817495,7.0,https://encrypted-tbn0.gstatic.com/images?q=tbn:ANd9GcRiv6U3yJLAxydCMhcO1PM-aeuCn88tK8b2z0YGXt7QNBQlC4CGcQzTBBGdeNc&s
295,295,295,Western,Daman and Diu,Diu,Diu Fort,Fort,1535,1.5,4.6,0,No,,Historical,Yes,1.2,Afternoon,Known for beaches and colonial history.,70.93238341,20.71817495,7.0,https://encrypted-tbn0.gstatic.com/images?q=tbn:ANd9GcRKmrjoWMm3_g83GPEQnVUN-cCQJRhb7zrqeDjj4PQCy1zNOvZmEf8F2BjCAxY&s
296,296,296,Eastern,Jharkhand,Deoghar,Baba Baidyanath Temple,Temple,Unknown,1.0,4.7,0,Yes,,Religious,Yes,1.8,All,"Rich in minerals, forests, and wildlife sanctuaries.",86.60673245,24.4766423,11.0,https://encrypted-tbn0.gstatic.com/images?q=tbn:ANd9GcTDaE66GTNUSOab4DKCODhHfe-u8XOJNzeGWOp9T-A9y5TWM54f3zzBnsb8TpY&s
297,297,297,Eastern,Jharkhand,Ranchi,Pahari Mandir,Temple,Unknown,1.0,4.6,0,Yes,,Religious,Yes,0.13,All,"Rich in minerals, forests, and wildlife sanctuaries.",85.3250387,23.3700501,4.0,https://encrypted-tbn0.gstatic.com/images?q=tbn:ANd9GcSAVB-haJLOLsnbOdrw2ovoDJXEu-afple1mMntlk-ViUPI6EmSqukm9UsgzVQ&s
298,298,298,Eastern,Bihar,Bodh Gaya,Mahabodhi Temple,Temple,-260,1.5,4.7,0,Yes,,Religious,Yes,0.2,All,Rich in ancient history with landmarks like Bodh Gaya and Nalanda.,84.9937642,24.6962612,11.0,https://encrypted-tbn0.gstatic.com/images?q=tbn:ANd9GcS304pPCv8LHaGCCqJgFBpJwRnZ7PpPWPZA5pJ3gqAHf-8zAfsbqWYLqNJvnQ&s
299,299,299,Eastern,Bihar,Patna,Sanjay Gandhi Biological Park,Zoo,Unknown,2.5,4.3,30,Yes,,Wildlife,Yes,0.5,All,Rich in ancient history with landmarks like Bodh Gaya and Nalanda.,85.1235252,25.6093239,16.0,https://encrypted-tbn0.gstatic.com/images?q=tbn:ANd9GcQyj4SEPh690j3RVi9t67nQU8SobKEklceAm9f2J--j-3r06cZ5KAvEQmNS3uw&s
300,300,300,Eastern,Bihar,Patna,Takhat Shri Harimandir Ji Patna Sahib,Gurudwara,Unknown,1.0,4.7,0,Yes,,Religious,Yes,0.25,All,Rich in ancient history with landmarks like Bodh Gaya and Nalanda.,85.1235252,25.6093239,16.0,https://encrypted-tbn0.gstatic.com/images?q=tbn:ANd9GcTzfw8pZWZXIYYTTmW3bIwJca9FeiTMOSMeJjZphfpuF49yY2VmTNm6g4demDM&s
301,301,301,Eastern,Bihar,Patna,Budhha Smriti Park,Park,Unknown,1.0,4.4,10,Yes,,Cultural,Yes,0.31,All,Rich in ancient history with landmarks like Bodh Gaya and Nalanda.,85.1235252,25.6093239,16.0,https://encrypted-tbn0.gstatic.com/images?q=tbn:ANd9GcRNOGM3OODtkkVyctqUvq9MPhLrJUxI8aBzr-sQJ8RTrGVQoMY77jul1et75w&s
302,302,302,Northern,Haryana,Gurugram,Kingdom of Dreams,Entertainment,2010,3.0,4.4,1100,Yes,Monday,Entertainment,Yes,0.3,Afternoon,Known for its rich agricultural land and historic sites.,77.0299194,28.4646148,3.0,https://encrypted-tbn0.gstatic.com/images?q=tbn:ANd9GcT9EsdLZp0nFLt5XTQ0Ed7V849PlaylhjP_o-DwDADuhiDbj64RJ-zqzEKw02k&s
303,303,303,Northern,Haryana,Gurugram,Ambience Mall,Mall,Unknown,2.0,4.6,0,Yes,,Shopping,Yes,1.2,Afternoon,Known for its rich agricultural land and historic sites.,77.0299194,28.4646148,3.0,https://encrypted-tbn0.gstatic.com/images?q=tbn:ANd9GcTQoAWjFAPhXQteEQGbp-DK3DhfsPh4Gbk3jcvVmagDcH281mG4tlYTvGlR5Q&s
304,304,304,Northern,Haryana,Gurugram,DLF CyberHub,Commercial Complex,Unknown,2.0,4.7,0,Yes,,Entertainment,Yes,0.71,Afternoon,Known for its rich agricultural land and historic sites.,77.0299194,28.4646148,3.0,https://encrypted-tbn0.gstatic.com/images?q=tbn:ANd9GcSGTVIE4hkx01OYCmB-1G9K1s7Wu9zjFtL5HGlBQVVAzKF3AbdX6o8FHcb4_pI&s
305,305,305,Northern,Delhi,New Delhi,Gurudwara Bangla Sahib,Gurudwara,Unknown,1.0,4.8,0,Yes,,Religious,Yes,1.05,All,The capital city with a mix of ancient and modern attractions.,77.2217499,28.6419258,3.0,https://encrypted-tbn0.gstatic.com/images?q=tbn:ANd9GcQgPzeFpRqgsyDuPCJoNp4sqV1dIqRIfqdPv7iiWcP7cSzrJseiM6-G-QNHgg&s
306,306,306,Northern,Uttarakhand,Kedarnath,Kedarnath,Temple,Unknown,1.5,4.8,0,No,,Religious,No,2.0,All,The Land of Gods with its Himalayan beauty and pilgrimage sites.,79.0673204,30.7345609,9.0,https://encrypted-tbn0.gstatic.com/images?q=tbn:ANd9GcT7Y7mJNZZCnR9vU81fDvVeB4Ph6MGwxF680aOzLwoWvWhpI0apAxuwOfVqQ6Y&s
307,307,307,Central,Uttar Pradesh,Noida,DLF Mall of India,Mall,2016,2.0,4.6,0,Yes,,Shopping,Yes,1.5,All,Home to the Taj Mahal and sacred cities like Varanasi.,77.3272147,28.5706333,3.0,https://encrypted-tbn0.gstatic.com/images?q=tbn:ANd9GcRFsXyZLiu5wHNj1Q_OjxEysiEyUEjRoIy9MtuuDQaghS4x101Iji9OnGh3hoE&s
308,308,308,Central,Uttar Pradesh,Greater Noida,The Grand Venice Mall,Mall,Unknown,2.0,4.2,0,Yes,,Shopping,Yes,0.45,All,Home to the Taj Mahal and sacred cities like Varanasi.,77.5137649,28.4670734,3.0,https://encrypted-tbn0.gstatic.com/images?q=tbn:ANd9GcQGvdweauGMjbojv5baTK6wAv8_iXIoHmWZci5wBOKdmJnIZ0yaQJtsLgLg4Q&s
309,309,309,Southern,Karnataka,Bengaluru,Wonderla Amusement Park,Amusement Park,2005,4.0,4.5,890,Yes,,Entertainment,Yes,0.95,All,"Known for its IT hub Bengaluru, heritage sites, and coffee plantations.",77.590082,12.9767936,18.0,https://encrypted-tbn0.gstatic.com/images?q=tbn:ANd9GcRFWGL8EOIo12Rb-INo1mOaUOageRswv21n1A_JDuSTLba1hv7s5GZQl4xNGQ&s
310,310,310,Eastern,Odisha,Bhubaneswar,Nandankanan Zoological Park,Zoo,1960,3.0,4.4,50,Yes,Monday,Wildlife,Yes,0.81,Afternoon,"Known for its temples, especially the Sun Temple at Konark.",85.8394521,20.2602964,7.0,https://encrypted-tbn0.gstatic.com/images?q=tbn:ANd9GcQ8gBvvpgn_xiLqtfDaZw2VkEXimTH33-WmJrodo5sIBaCyhTfjYRIjqF9W9Fo&s
311,311,311,Southern,Karnataka,Bengaluru,Orion Mall,Mall,2012,2.0,4.5,0,Yes,,Shopping,Yes,1.8,All,"Known for its IT hub Bengaluru, heritage sites, and coffee plantations.",77.590082,12.9767936,18.0,https://encrypted-tbn0.gstatic.com/images?q=tbn:ANd9GcRv4yuxexgZoS2A3s_doDM_VikNUIVC0z34pLzjxpqFO-LcbbnmA1xzIkomj4w&s
312,312,312,Southern,Telangana,Hyderabad,Inorbit Mall Cyberabad,Mall,2004,2.0,4.5,0,Yes,,Shopping,Yes,1.2,All,Home to historic Hyderabad and the Charminar.,78.4740613,17.360589,0.0,https://encrypted-tbn0.gstatic.com/images?q=tbn:ANd9GcQxA3BDNMTlGtTkSVyE6dmCNj--bV_TVLzf8jjZ_oxA4z4byCfgCxddF5ES5g&s
313,313,313,Northern,Delhi,New Delhi,Jama Masjid,Mosque,1656,1.0,4.5,0,Yes,,Historical,Yes,0.49,All,The capital city with a mix of ancient and modern attractions.,77.2217499,28.6419258,3.0,https://encrypted-tbn0.gstatic.com/images?q=tbn:ANd9GcRjcZuiD7eamqZOE3MSZ2d6S6-Ya0DcQioovYhTZwwqSVACbInGktMPS1PeJu0&s
314,314,314,Southern,Tamil Nadu,Rameswaram,Ramanathaswamy Temple,Temple,Unknown,1.5,4.7,0,Yes,,Religious,No,0.1,All,Famous for its Dravidian temples and cultural heritage.,79.3125553,9.2844657,13.0,https://encrypted-tbn0.gstatic.com/images?q=tbn:ANd9GcQxO2l0oYAVAgVZoJPjwkw0hFMDUIOlw4TjPs7olg_PYjW93TQu1Xfg-N8uGw&s
315,315,315,Central,Uttar Pradesh,Greater Noida,Buddh International Circuit,Race Track,2011,2.0,4.6,1500,Yes,Sunday,Sports,Yes,7.4,All,Home to the Taj Mahal and sacred cities like Varanasi.,77.5137649,28.4670734,3.0,https://encrypted-tbn0.gstatic.com/images?q=tbn:ANd9GcThYIiqBKvuDDXWk_8iJYpezLT4eV36bvvtkYcL_ojv1i4zUbifIWE8Z89Kpw&s
316,316,316,Central,Uttar Pradesh,Lucknow,Phoenix Palassio,Mall,2020,2.0,4.6,0,Yes,,Shopping,Yes,0.35,All,Home to the Taj Mahal and sacred cities like Varanasi.,80.9346001,26.8381,1.0,https://encrypted-tbn0.gstatic.com/images?q=tbn:ANd9GcR38gvTTE-tmnDhj29Hmyi3NYOmFAyJ8TCt2Gp6SUWbAEQsBUjY0rH71GJQPnA&s
317,317,317,Southern,Kerala,Kochi,LuLu International Shopping Mall,Mall,2013,3.0,4.6,0,Yes,,Shopping,Yes,1.9,All,"Famous for its backwaters, beaches, and Ayurvedic treatments.",76.2454436,9.9674277,5.0,https://encrypted-tbn0.gstatic.com/images?q=tbn:ANd9GcTt5ULyKFK0JASLF7uwVGJ3uCBbeE_exfKGZG2xNjeukGD86fyrnq4-AFg64cc&s
318,318,318,Northern,Delhi,New Delhi,Rail Museum,Museum,1977,2.0,4.4,50,Yes,Monday,Cultural,Yes,0.24,Morning,The capital city with a mix of ancient and modern attractions.,77.2217499,28.6419258,3.0,https://encrypted-tbn0.gstatic.com/images?q=tbn:ANd9GcSAazmjVhWmAYu8HWBWTcKCo4Ab7dnskAkCZE3BZJj8L2gMRSAX2G42saCcO48&s
319,319,319,North Eastern,Meghalaya,Cherrapunji,Living Root Bridge,Natural Feature,Unknown,2.0,4.6,0,No,,Nature,Yes,0.06,Morning,"Known for its hills, caves, and high rainfall.",91.7292416,25.2777336,16.0,https://encrypted-tbn0.gstatic.com/images?q=tbn:ANd9GcQfHe9x3LzL7czjivPy0rXB45GRmFtdbHfINcnbLojznYF777djMBnAn0Z_QQ&s
320,320,320,Western,Gujarat,Gandhinagar,Akshardham,Temple,1992,3.0,4.6,0,Yes,Monday,Religious,No,0.18,All,"Home to the Gir National Park, temples, and the Rann of Kutch.",72.6492267,23.2232877,4.0,https://encrypted-tbn0.gstatic.com/images?q=tbn:ANd9GcRUZhHwFK5Ivvn6u8w75BbnhANhOe7d2FDSmW_ELX2kVL0duJCtRRfFRhtkCSc&s
321,321,321,Central,Uttar Pradesh,Agra,Agra Fort,Fort,1565,2.0,4.5,40,Yes,,Historical,Yes,1.3,Afternoon,Home to the Taj Mahal and sacred cities like Varanasi.,78.0098161,27.1752554,1.0,https://encrypted-tbn0.gstatic.com/images?q=tbn:ANd9GcQwFT3_NwjSJlEjPko1aRCm7j45B9DJOAlfHkavdj3kiyySmW34jety0F2Aog&s
322,322,322,Central,Madhya Pradesh,Bhopal,Madhya Pradesh Tribal Museum,Museum,2013,2.0,4.7,10,Yes,Monday,Cultural,Yes,0.15,All,"Heart of India with temples, forts, and wildlife parks.",77.401989,23.2584857,4.0,https://encrypted-tbn0.gstatic.com/images?q=tbn:ANd9GcRzVl7v_x4xCGXdccsi5FQk67H5zKON4TfXTQ76BlRk7zdTbnhnaMPwB1bjA10&s
323,323,323,Northern,Rajasthan,Jaipur,City Palace,Palace,1727,2.0,4.4,200,Yes,,Historical,Yes,0.51,Morning,"Desert state famous for its palaces, forts, and rich culture.",75.8189817,26.9154576,1.0,https://encrypted-tbn0.gstatic.com/images?q=tbn:ANd9GcSMpxb2q_intayQv3WBcl9eqp3yOzGBBvFfIXXe8uXJq0ggoB4iJpjPo3yzhQ&s
324,324,324,Northern,Rajasthan,Jaipur,Albert Hall Museum,Museum,1887,2.0,4.5,200,Yes,,Historical,Yes,0.63,All,"Desert state famous for its palaces, forts, and rich culture.",75.8189817,26.9154576,1.0,https://encrypted-tbn0.gstatic.com/images?q=tbn:ANd9GcSBn_20IgKGHBzGn3bLK4IKNFSVUbZORYaeEFut8klsN7wmuHvi1ddgzpb_hQ&s
